id,x,y,w,h
dataset1/Car_video_0,536.0,551.0,226.0,142.0
dataset1/Car_video_1,533.0,550.0,237.0,150.0
dataset1/Car_video_2,533.0,548.0,236.0,151.0
dataset1/Car_video_3,531.0,548.0,241.0,156.0
dataset1/Car_video_4,530.0,547.0,242.0,157.0
dataset1/Car_video_5,529.0,547.0,244.0,159.0
dataset1/Car_video_6,528.0,547.0,244.0,160.0
dataset1/Car_video_7,527.0,547.0,245.0,161.0
dataset1/Car_video_8,528.0,546.0,246.0,161.0
dataset1/Car_video_9,526.0,546.0,249.0,162.0
dataset1/Car_video_10,524.0,545.0,247.0,163.0
dataset1/Car_video_11,523.0,545.0,249.0,164.0
dataset1/Car_video_12,523.0,543.0,248.0,165.0
dataset1/Car_video_13,522.0,543.0,249.0,166.0
dataset1/Car_video_14,523.0,542.0,246.0,166.0
dataset1/Car_video_15,521.0,542.0,247.0,167.0
dataset1/Car_video_16,522.0,542.0,248.0,168.0
dataset1/Car_video_17,520.0,541.0,246.0,169.0
dataset1/Car_video_18,520.0,541.0,246.0,171.0
dataset1/Car_video_19,518.0,541.0,245.0,171.0
dataset1/Car_video_20,516.0,539.0,249.0,173.0
dataset1/Car_video_21,513.0,539.0,250.0,174.0
dataset1/Car_video_22,513.0,538.0,251.0,175.0
dataset1/Car_video_23,510.0,538.0,252.0,176.0
dataset1/Car_video_24,510.0,537.0,251.0,176.0
dataset1/Car_video_25,508.0,537.0,251.0,177.0
dataset1/Car_video_26,509.0,535.0,250.0,177.0
dataset1/Car_video_27,506.0,535.0,252.0,179.0
dataset1/Car_video_28,507.0,534.0,250.0,179.0
dataset1/Car_video_29,503.0,533.0,254.0,182.0
dataset1/Car_video_30,502.0,532.0,252.0,183.0
dataset1/Car_video_31,499.0,532.0,254.0,185.0
dataset1/Car_video_32,501.0,532.0,252.0,184.0
dataset1/Car_video_33,497.0,531.0,254.0,185.0
dataset1/Car_video_34,499.0,530.0,252.0,186.0
dataset1/Car_video_35,495.0,529.0,254.0,189.0
dataset1/Car_video_36,496.0,529.0,251.0,189.0
dataset1/Car_video_37,493.0,527.0,253.0,191.0
dataset1/Car_video_38,491.0,527.0,254.0,192.0
dataset1/Car_video_39,489.0,526.0,255.0,193.0
dataset1/Car_video_40,488.0,526.0,255.0,194.0
dataset1/Car_video_41,487.0,526.0,257.0,196.0
dataset1/Car_video_42,485.0,525.0,255.0,196.0
dataset1/Car_video_43,483.0,525.0,255.0,197.0
dataset1/Car_video_44,482.0,524.0,255.0,199.0
dataset1/Car_video_45,480.0,523.0,256.0,200.0
dataset1/Car_video_46,477.0,522.0,256.0,201.0
dataset1/Car_video_47,475.0,522.0,257.0,203.0
dataset1/Car_video_48,474.0,522.0,255.0,203.0
dataset1/Car_video_49,472.0,522.0,256.0,204.0
dataset1/Car_video_50,470.0,521.0,254.0,203.0
dataset1/Car_video_51,469.0,521.0,254.0,205.0
dataset1/Car_video_52,466.0,521.0,254.0,205.0
dataset1/Car_video_53,464.0,520.0,256.0,207.0
dataset1/Car_video_54,461.0,521.0,253.0,209.0
dataset1/Car_video_55,461.0,521.0,252.0,210.0
dataset1/Car_video_56,457.0,521.0,251.0,212.0
dataset1/Car_video_57,457.0,520.0,251.0,213.0
dataset1/Car_video_58,453.0,520.0,251.0,217.0
dataset1/Car_video_59,453.0,520.0,250.0,219.0
dataset1/Car_video_60,450.0,520.0,248.0,220.0
dataset1/Car_video_61,449.0,520.0,248.0,222.0
dataset1/Car_video_62,445.0,518.0,248.0,221.0
dataset1/Car_video_63,444.0,518.0,248.0,222.0
dataset1/Car_video_64,439.0,518.0,250.0,224.0
dataset1/Car_video_65,439.0,518.0,249.0,224.0
dataset1/Car_video_66,436.0,517.0,248.0,225.0
dataset1/Car_video_67,436.0,517.0,247.0,225.0
dataset1/Car_video_68,434.0,516.0,247.0,226.0
dataset1/Car_video_69,434.0,517.0,246.0,226.0
dataset1/Car_video_70,431.0,517.0,245.0,225.0
dataset1/Car_video_71,430.0,517.0,245.0,225.0
dataset1/Car_video_72,428.0,518.0,244.0,225.0
dataset1/Car_video_73,428.0,518.0,245.0,227.0
dataset1/Car_video_74,425.0,518.0,243.0,226.0
dataset1/Car_video_75,425.0,518.0,244.0,228.0
dataset1/Car_video_76,422.0,518.0,242.0,228.0
dataset1/Car_video_77,422.0,518.0,244.0,230.0
dataset1/Car_video_78,418.0,518.0,242.0,230.0
dataset1/Car_video_79,417.0,518.0,243.0,232.0
dataset1/Car_video_80,414.0,517.0,242.0,232.0
dataset1/Car_video_81,412.0,518.0,245.0,235.0
dataset1/Car_video_82,411.0,518.0,244.0,236.0
dataset1/Car_video_83,410.0,517.0,244.0,237.0
dataset1/Car_video_84,412.0,518.0,242.0,236.0
dataset1/Car_video_85,410.0,517.0,244.0,238.0
dataset1/Car_video_86,411.0,518.0,241.0,237.0
dataset1/Car_video_87,409.0,517.0,243.0,239.0
dataset1/Car_video_88,408.0,517.0,242.0,239.0
dataset1/Car_video_89,407.0,517.0,244.0,240.0
dataset1/Car_video_90,407.0,516.0,244.0,242.0
dataset1/Car_video_91,406.0,516.0,245.0,243.0
dataset1/Car_video_92,405.0,516.0,246.0,244.0
dataset1/Car_video_93,406.0,515.0,246.0,245.0
dataset1/Car_video_94,404.0,513.0,249.0,247.0
dataset1/Car_video_95,404.0,513.0,248.0,248.0
dataset1/Car_video_96,403.0,512.0,252.0,250.0
dataset1/Car_video_97,403.0,512.0,252.0,251.0
dataset1/Car_video_98,399.0,512.0,256.0,253.0
dataset1/Car_video_99,398.0,512.0,256.0,253.0
dataset1/Car_video_100,394.0,511.0,260.0,255.0
dataset1/Car_video_101,392.0,511.0,260.0,255.0
dataset1/Car_video_102,386.0,510.0,263.0,256.0
dataset1/Car_video_103,384.0,510.0,265.0,258.0
dataset1/Car_video_104,378.0,509.0,268.0,258.0
dataset1/Car_video_105,377.0,509.0,270.0,258.0
dataset1/Car_video_106,373.0,509.0,272.0,258.0
dataset1/Car_video_107,374.0,510.0,272.0,259.0
dataset1/Car_video_108,368.0,509.0,276.0,259.0
dataset1/Car_video_109,368.0,510.0,277.0,260.0
dataset1/Car_video_110,362.0,509.0,281.0,261.0
dataset1/Car_video_111,364.0,510.0,280.0,261.0
dataset1/Car_video_112,361.0,510.0,285.0,262.0
dataset1/Car_video_113,361.0,511.0,284.0,262.0
dataset1/Car_video_114,358.0,508.0,290.0,264.0
dataset1/Car_video_115,358.0,509.0,290.0,264.0
dataset1/Car_video_116,353.0,507.0,298.0,267.0
dataset1/Car_video_117,352.0,508.0,298.0,267.0
dataset1/Car_video_118,351.0,506.0,304.0,270.0
dataset1/Car_video_119,350.0,507.0,305.0,270.0
dataset1/Car_video_120,349.0,506.0,313.0,274.0
dataset1/Car_video_121,345.0,504.0,316.0,276.0
dataset1/Car_video_122,344.0,502.0,325.0,280.0
dataset1/Car_video_123,342.0,502.0,328.0,282.0
dataset1/Car_video_124,341.0,500.0,337.0,284.0
dataset1/Car_video_125,339.0,500.0,338.0,285.0
dataset1/Car_video_126,337.0,498.0,346.0,289.0
dataset1/Car_video_127,336.0,498.0,346.0,290.0
dataset1/Car_video_128,334.0,496.0,353.0,292.0
dataset1/Car_video_129,333.0,496.0,353.0,292.0
dataset1/Car_video_130,331.0,494.0,360.0,296.0
dataset1/Car_video_131,330.0,494.0,360.0,296.0
dataset1/Car_video_132,327.0,493.0,366.0,298.0
dataset1/Car_video_133,325.0,493.0,367.0,299.0
dataset1/Car_video_134,319.0,491.0,375.0,303.0
dataset1/Car_video_135,318.0,491.0,375.0,304.0
dataset1/Car_video_136,312.0,489.0,384.0,308.0
dataset1/Car_video_137,312.0,490.0,385.0,308.0
dataset1/Car_video_138,302.0,487.0,394.0,313.0
dataset1/Car_video_139,303.0,488.0,394.0,312.0
dataset1/Car_video_140,295.0,486.0,402.0,315.0
dataset1/Car_video_141,295.0,486.0,404.0,316.0
dataset1/Car_video_142,289.0,484.0,412.0,318.0
dataset1/Car_video_143,292.0,486.0,412.0,318.0
dataset1/Car_video_144,283.0,481.0,425.0,324.0
dataset1/Car_video_145,283.0,483.0,423.0,324.0
dataset1/Car_video_146,275.0,479.0,432.0,326.0
dataset1/Car_video_147,277.0,481.0,431.0,326.0
dataset1/Car_video_148,272.0,478.0,441.0,330.0
dataset1/Car_video_149,273.0,480.0,441.0,330.0
dataset1/Car_video_150,267.0,476.0,450.0,331.0
dataset1/Car_video_151,270.0,478.0,449.0,331.0
dataset1/Car_video_152,263.0,476.0,457.0,333.0
dataset1/Car_video_153,268.0,478.0,454.0,331.0
dataset1/Car_video_154,258.0,479.0,459.0,329.0
dataset1/Car_video_155,265.0,479.0,458.0,328.0
dataset1/Car_video_156,253.0,479.0,463.0,328.0
dataset1/Car_video_157,259.0,479.0,464.0,330.0
dataset1/Car_video_158,245.0,480.0,472.0,330.0
dataset1/Car_video_159,250.0,478.0,472.0,331.0
dataset1/Car_video_160,237.0,479.0,476.0,329.0
dataset1/Car_video_161,233.0,472.0,487.0,340.0
dataset1/Car_video_162,223.0,470.0,491.0,342.0
dataset1/Car_video_163,232.0,475.0,488.0,339.0
dataset1/Car_video_164,216.0,470.0,495.0,343.0
dataset1/Car_video_165,228.0,475.0,488.0,338.0
dataset1/Car_video_166,213.0,472.0,497.0,342.0
dataset1/Car_video_167,215.0,476.0,497.0,339.0
dataset1/Car_video_168,204.0,471.0,503.0,342.0
dataset1/Car_video_169,208.0,479.0,505.0,337.0
dataset1/Car_video_170,199.0,472.0,510.0,339.0
dataset1/Car_video_171,204.0,478.0,509.0,336.0
dataset1/Car_video_172,201.0,481.0,506.0,329.0
dataset1/Car_video_173,205.0,481.0,509.0,331.0
dataset1/Car_video_174,204.0,486.0,503.0,322.0
dataset1/Car_video_175,205.0,488.0,507.0,321.0
dataset1/Car_video_176,211.0,492.0,494.0,312.0
dataset1/Car_video_177,211.0,491.0,501.0,314.0
dataset1/Car_video_178,218.0,497.0,491.0,308.0
dataset1/Car_video_179,217.0,494.0,494.0,308.0
dataset1/Car_video_180,216.0,497.0,497.0,306.0
dataset1/Car_video_181,219.0,496.0,501.0,306.0
dataset1/Car_video_182,217.0,498.0,502.0,305.0
dataset1/Car_video_183,218.0,497.0,507.0,306.0
dataset1/Car_video_184,220.0,498.0,507.0,304.0
dataset1/Car_video_185,219.0,497.0,509.0,304.0
dataset1/Car_video_186,224.0,500.0,508.0,304.0
dataset1/Car_video_187,223.0,498.0,512.0,305.0
dataset1/Car_video_188,223.0,499.0,509.0,303.0
dataset1/Car_video_189,222.0,498.0,512.0,305.0
dataset1/Car_video_190,225.0,499.0,507.0,301.0
dataset1/Car_video_191,223.0,498.0,515.0,302.0
dataset1/Car_video_192,221.0,501.0,514.0,302.0
dataset1/Car_video_193,220.0,501.0,515.0,299.0
dataset1/Car_video_194,218.0,502.0,513.0,298.0
dataset1/Car_video_195,219.0,503.0,516.0,297.0
dataset1/Car_video_196,220.0,504.0,516.0,296.0
dataset1/Car_video_197,220.0,503.0,524.0,297.0
dataset1/Car_video_198,218.0,506.0,522.0,294.0
dataset1/Car_video_199,216.0,505.0,525.0,293.0
dataset1/Car_video_200,215.0,506.0,529.0,294.0
dataset1/Car_video_201,214.0,502.0,532.0,296.0
dataset1/Car_video_202,213.0,505.0,534.0,297.0
dataset1/Car_video_203,216.0,505.0,533.0,295.0
dataset1/Car_video_204,215.0,507.0,541.0,299.0
dataset1/Car_video_205,218.0,507.0,543.0,298.0
dataset1/Car_video_206,217.0,508.0,539.0,298.0
dataset1/Car_video_207,219.0,508.0,539.0,299.0
dataset1/Car_video_208,215.0,509.0,534.0,298.0
dataset1/Car_video_209,220.0,508.0,533.0,299.0
dataset1/Car_video_210,217.0,508.0,534.0,302.0
dataset1/Car_video_211,224.0,509.0,530.0,301.0
dataset1/Car_video_212,218.0,510.0,536.0,305.0
dataset1/Car_video_213,223.0,509.0,534.0,302.0
dataset1/Car_video_214,214.0,509.0,545.0,303.0
dataset1/Car_video_215,218.0,510.0,544.0,298.0
dataset1/Car_video_216,210.0,507.0,555.0,303.0
dataset1/Car_video_217,216.0,510.0,549.0,295.0
dataset1/Car_video_218,211.0,511.0,551.0,287.0
dataset1/Car_video_219,210.0,515.0,556.0,290.0
dataset1/Car_video_220,208.0,510.0,558.0,288.0
dataset1/Car_video_221,207.0,515.0,564.0,290.0
dataset1/Car_video_222,205.0,513.0,556.0,282.0
dataset1/Car_video_223,206.0,515.0,562.0,284.0
dataset1/Car_video_224,202.0,513.0,558.0,279.0
dataset1/Car_video_225,202.0,517.0,565.0,279.0
dataset1/Car_video_226,197.0,515.0,559.0,274.0
dataset1/Car_video_227,199.0,515.0,570.0,279.0
dataset1/Car_video_228,200.0,519.0,558.0,273.0
dataset1/Car_video_229,199.0,519.0,562.0,275.0
dataset1/Car_video_230,200.0,521.0,552.0,269.0
dataset1/Car_video_231,203.0,522.0,556.0,269.0
dataset1/Car_video_232,206.0,522.0,546.0,266.0
dataset1/Car_video_233,209.0,523.0,550.0,268.0
dataset1/Car_video_234,212.0,522.0,540.0,264.0
dataset1/Car_video_235,215.0,525.0,542.0,264.0
dataset1/Car_video_236,209.0,525.0,538.0,261.0
dataset1/Car_video_237,215.0,526.0,546.0,265.0
dataset1/Car_video_238,209.0,525.0,539.0,263.0
dataset1/Car_video_239,214.0,526.0,541.0,261.0
dataset1/Car_video_240,206.0,528.0,539.0,259.0
dataset1/Car_video_241,207.0,524.0,553.0,266.0
dataset1/Car_video_242,198.0,525.0,542.0,265.0
dataset1/Car_video_243,210.0,526.0,543.0,263.0
dataset1/Car_video_244,200.0,525.0,547.0,265.0
dataset1/Car_video_245,203.0,526.0,547.0,265.0
dataset1/Car_video_246,197.0,527.0,548.0,265.0
dataset1/Car_video_247,200.0,527.0,552.0,265.0
dataset1/Car_video_248,193.0,527.0,551.0,264.0
dataset1/Car_video_249,199.0,528.0,554.0,264.0
dataset1/Car_video_250,193.0,529.0,553.0,263.0
dataset1/Car_video_251,198.0,529.0,553.0,263.0
dataset1/Car_video_252,193.0,529.0,556.0,263.0
dataset1/Car_video_253,198.0,529.0,554.0,262.0
dataset1/Car_video_254,191.0,528.0,554.0,264.0
dataset1/Car_video_255,199.0,528.0,554.0,263.0
dataset1/Car_video_256,193.0,530.0,555.0,262.0
dataset1/Car_video_257,199.0,530.0,553.0,260.0
dataset1/Car_video_258,195.0,532.0,554.0,257.0
dataset1/Car_video_259,197.0,531.0,557.0,257.0
dataset1/Car_video_260,196.0,534.0,555.0,254.0
dataset1/Car_video_261,197.0,532.0,560.0,255.0
dataset1/Car_video_262,197.0,536.0,556.0,251.0
dataset1/Car_video_263,199.0,533.0,564.0,253.0
dataset1/Car_video_264,199.0,537.0,559.0,251.0
dataset1/Car_video_265,199.0,535.0,562.0,251.0
dataset1/Car_video_266,204.0,536.0,559.0,251.0
dataset1/Car_video_267,204.0,535.0,562.0,251.0
dataset1/Car_video_268,204.0,537.0,561.0,250.0
dataset1/Car_video_269,205.0,536.0,562.0,249.0
dataset1/Car_video_270,202.0,536.0,568.0,251.0
dataset1/Car_video_271,203.0,537.0,563.0,248.0
dataset1/Car_video_272,203.0,537.0,566.0,247.0
dataset1/Car_video_273,205.0,538.0,563.0,247.0
dataset1/Car_video_274,203.0,536.0,569.0,247.0
dataset1/Car_video_275,205.0,534.0,567.0,249.0
dataset1/Car_video_276,199.0,532.0,576.0,254.0
dataset1/Car_video_277,210.0,538.0,564.0,248.0
dataset1/Car_video_278,201.0,533.0,572.0,251.0
dataset1/Car_video_279,199.0,535.0,573.0,251.0
dataset1/Car_video_280,190.0,520.0,588.0,266.0
dataset1/Car_video_281,186.0,520.0,588.0,266.0
dataset1/Car_video_282,194.0,518.0,583.0,268.0
dataset1/Car_video_283,194.0,521.0,577.0,265.0
dataset1/Car_video_284,198.0,514.0,577.0,273.0
dataset1/Car_video_285,213.0,517.0,560.0,269.0
dataset1/Car_video_286,250.0,527.0,523.0,260.0
dataset1/Car_video_287,243.0,517.0,527.0,271.0
dataset1/Car_video_288,293.0,533.0,480.0,257.0
dataset1/Car_video_289,278.0,522.0,488.0,266.0
dataset1/Car_video_290,305.0,526.0,466.0,265.0
dataset1/Car_video_291,314.0,522.0,453.0,266.0
dataset1/Car_video_292,271.0,521.0,495.0,271.0
dataset1/Car_video_293,247.0,520.0,523.0,273.0
dataset1/Car_video_294,242.0,524.0,533.0,265.0
dataset1/Car_video_295,229.0,522.0,545.0,264.0
dataset1/Car_video_296,231.0,537.0,547.0,254.0
dataset1/Car_video_297,227.0,540.0,551.0,248.0
dataset1/Car_video_298,236.0,547.0,542.0,240.0
dataset1/Car_video_299,226.0,545.0,552.0,243.0
dataset1/Car_video_300,232.0,549.0,546.0,239.0
dataset1/Car_video_301,233.0,550.0,545.0,238.0
dataset1/Car_video_302,245.0,548.0,533.0,234.0
dataset1/Car_video_303,239.0,548.0,539.0,236.0
dataset1/Car_video_304,252.0,547.0,526.0,229.0
dataset1/Car_video_305,241.0,547.0,537.0,233.0
dataset1/Car_video_306,251.0,548.0,527.0,226.0
dataset1/Car_video_307,246.0,548.0,532.0,227.0
dataset1/Car_video_308,248.0,545.0,530.0,221.0
dataset1/Car_video_309,246.0,546.0,532.0,222.0
dataset1/Car_video_310,236.0,550.0,526.0,213.0
dataset1/Car_video_311,241.0,549.0,537.0,217.0
dataset1/Car_video_312,237.0,551.0,531.0,213.0
dataset1/Car_video_313,235.0,552.0,525.0,212.0
dataset1/Car_video_314,240.0,552.0,513.0,206.0
dataset1/Car_video_315,239.0,552.0,512.0,208.0
dataset1/Car_video_316,245.0,551.0,530.0,216.0
dataset1/Car_video_317,246.0,550.0,529.0,217.0
dataset1/Car_video_318,251.0,550.0,527.0,223.0
dataset1/Car_video_319,253.0,550.0,525.0,225.0
dataset1/Car_video_320,257.0,550.0,521.0,224.0
dataset1/Car_video_321,258.0,550.0,520.0,225.0
dataset1/Car_video_322,264.0,550.0,514.0,223.0
dataset1/Car_video_323,256.0,550.0,522.0,226.0
dataset1/Car_video_324,263.0,550.0,515.0,223.0
dataset1/Car_video_325,260.0,551.0,517.0,224.0
dataset1/Car_video_326,265.0,550.0,513.0,223.0
dataset1/Car_video_327,259.0,551.0,517.0,223.0
dataset1/Car_video_328,266.0,550.0,512.0,221.0
dataset1/Car_video_329,261.0,551.0,517.0,223.0
dataset1/Car_video_330,264.0,550.0,514.0,222.0
dataset1/Car_video_331,260.0,550.0,516.0,222.0
dataset1/Car_video_332,260.0,549.0,518.0,225.0
dataset1/Car_video_333,259.0,549.0,519.0,224.0
dataset1/Car_video_334,258.0,546.0,520.0,229.0
dataset1/Car_video_335,255.0,548.0,523.0,228.0
dataset1/Car_video_336,255.0,545.0,523.0,230.0
dataset1/Car_video_337,251.0,547.0,527.0,230.0
dataset1/Car_video_338,251.0,542.0,527.0,234.0
dataset1/Car_video_339,249.0,544.0,529.0,233.0
dataset1/Car_video_340,247.0,540.0,531.0,238.0
dataset1/Car_video_341,244.0,540.0,534.0,239.0
dataset1/Car_video_342,244.0,537.0,534.0,241.0
dataset1/Car_video_343,239.0,539.0,539.0,240.0
dataset1/Car_video_344,236.0,536.0,542.0,239.0
dataset1/Car_video_345,234.0,538.0,544.0,237.0
dataset1/Car_video_346,235.0,535.0,543.0,236.0
dataset1/Car_video_347,233.0,537.0,545.0,236.0
dataset1/Car_video_348,237.0,535.0,541.0,234.0
dataset1/Car_video_349,235.0,537.0,543.0,234.0
dataset1/Car_video_350,239.0,533.0,539.0,235.0
dataset1/Car_video_351,242.0,534.0,536.0,232.0
dataset1/Car_video_352,241.0,535.0,537.0,231.0
dataset1/Car_video_353,245.0,533.0,533.0,231.0
dataset1/Car_video_354,244.0,536.0,534.0,228.0
dataset1/Car_video_355,258.0,535.0,520.0,226.0
dataset1/Car_video_356,254.0,537.0,524.0,225.0
dataset1/Car_video_357,265.0,536.0,513.0,224.0
dataset1/Car_video_358,263.0,537.0,515.0,224.0
dataset1/Car_video_359,273.0,537.0,505.0,222.0
dataset1/Car_video_360,271.0,538.0,507.0,222.0
dataset1/Car_video_361,279.0,537.0,499.0,221.0
dataset1/Car_video_362,278.0,538.0,500.0,222.0
dataset1/Car_video_363,283.0,537.0,495.0,221.0
dataset1/Car_video_364,279.0,539.0,499.0,221.0
dataset1/Car_video_365,282.0,537.0,496.0,219.0
dataset1/Car_video_366,279.0,537.0,499.0,221.0
dataset1/Car_video_367,285.0,536.0,493.0,218.0
dataset1/Car_video_368,281.0,537.0,497.0,219.0
dataset1/Car_video_369,283.0,536.0,495.0,217.0
dataset1/Car_video_370,280.0,537.0,498.0,217.0
dataset1/Car_video_371,280.0,535.0,498.0,216.0
dataset1/Car_video_372,277.0,537.0,501.0,217.0
dataset1/Car_video_373,279.0,535.0,499.0,217.0
dataset1/Car_video_374,277.0,536.0,501.0,217.0
dataset1/Car_video_375,281.0,534.0,497.0,218.0
dataset1/Car_video_376,282.0,536.0,496.0,216.0
dataset1/Car_video_377,286.0,534.0,491.0,216.0
dataset1/Car_video_378,287.0,537.0,488.0,214.0
dataset1/Car_video_379,284.0,535.0,494.0,217.0
dataset1/Car_video_380,287.0,537.0,489.0,215.0
dataset1/Car_video_381,305.0,535.0,473.0,214.0
dataset1/Car_video_382,301.0,534.0,477.0,217.0
dataset1/Car_video_383,303.0,532.0,475.0,218.0
dataset1/Car_video_384,304.0,533.0,474.0,217.0
dataset1/Car_video_385,296.0,533.0,482.0,219.0
dataset1/Car_video_386,297.0,533.0,481.0,218.0
dataset1/Car_video_387,295.0,534.0,483.0,218.0
dataset1/Car_video_388,295.0,534.0,483.0,216.0
dataset1/Car_video_389,290.0,533.0,488.0,215.0
dataset1/Car_video_390,292.0,535.0,486.0,215.0
dataset1/Car_video_391,294.0,532.0,484.0,216.0
dataset1/Car_video_392,293.0,531.0,485.0,217.0
dataset1/Car_video_393,294.0,529.0,484.0,216.0
dataset1/Car_video_394,295.0,531.0,483.0,216.0
dataset1/Car_video_395,297.0,529.0,481.0,214.0
dataset1/Car_video_396,295.0,529.0,482.0,213.0
dataset1/Car_video_397,299.0,527.0,479.0,213.0
dataset1/Car_video_398,296.0,528.0,480.0,213.0
dataset1/Car_video_399,297.0,527.0,476.0,211.0
dataset1/Car_video_400,295.0,529.0,478.0,213.0
dataset1/Car_video_401,286.0,528.0,492.0,217.0
dataset1/Car_video_402,288.0,530.0,490.0,214.0
dataset1/Car_video_403,284.0,529.0,494.0,213.0
dataset1/Car_video_404,286.0,532.0,492.0,211.0
dataset1/Car_video_405,281.0,529.0,497.0,214.0
dataset1/Car_video_406,281.0,530.0,491.0,211.0
dataset1/Car_video_407,279.0,527.0,489.0,210.0
dataset1/Car_video_408,282.0,527.0,488.0,209.0
dataset1/Car_video_409,277.0,523.0,498.0,212.0
dataset1/Car_video_410,274.0,524.0,491.0,211.0
dataset1/Car_video_411,272.0,524.0,488.0,208.0
dataset1/Car_video_412,272.0,523.0,491.0,210.0
dataset1/Car_video_413,270.0,522.0,493.0,212.0
dataset1/Car_video_414,272.0,523.0,489.0,211.0
dataset1/Car_video_415,268.0,520.0,488.0,209.0
dataset1/Car_video_416,266.0,523.0,494.0,210.0
dataset1/Car_video_417,264.0,521.0,493.0,209.0
dataset1/Car_video_418,264.0,524.0,495.0,209.0
dataset1/Car_video_419,258.0,520.0,497.0,212.0
dataset1/Car_video_420,262.0,523.0,492.0,209.0
dataset1/Car_video_421,261.0,521.0,486.0,210.0
dataset1/Car_video_422,265.0,522.0,489.0,209.0
dataset1/Car_video_423,266.0,521.0,482.0,210.0
dataset1/Car_video_424,270.0,522.0,486.0,209.0
dataset1/Car_video_425,267.0,520.0,484.0,212.0
dataset1/Car_video_426,272.0,521.0,484.0,211.0
dataset1/Car_video_427,271.0,519.0,478.0,211.0
dataset1/Car_video_428,275.0,520.0,482.0,212.0
dataset1/Car_video_429,276.0,518.0,474.0,210.0
dataset1/Car_video_430,279.0,519.0,479.0,210.0
dataset1/Car_video_431,277.0,517.0,478.0,208.0
dataset1/Car_video_432,279.0,518.0,482.0,210.0
dataset1/Car_video_433,276.0,517.0,479.0,207.0
dataset1/Car_video_434,280.0,519.0,481.0,206.0
dataset1/Car_video_435,281.0,518.0,479.0,205.0
dataset1/Car_video_436,282.0,519.0,480.0,205.0
dataset1/Car_video_437,284.0,519.0,475.0,205.0
dataset1/Car_video_438,286.0,520.0,480.0,206.0
dataset1/Car_video_439,285.0,519.0,478.0,205.0
dataset1/Car_video_440,290.0,521.0,475.0,204.0
dataset1/Car_video_441,295.0,519.0,473.0,206.0
dataset1/Car_video_442,298.0,519.0,470.0,206.0
dataset1/Car_video_443,303.0,518.0,464.0,205.0
dataset1/Car_video_444,303.0,520.0,466.0,206.0
dataset1/Car_video_445,306.0,518.0,467.0,208.0
dataset1/Car_video_446,307.0,520.0,463.0,209.0
dataset1/Car_video_447,312.0,520.0,460.0,207.0
dataset1/Car_video_448,312.0,521.0,460.0,207.0
dataset1/Car_video_449,320.0,521.0,457.0,207.0
dataset1/Car_video_450,318.0,521.0,457.0,206.0
dataset1/Car_video_451,321.0,521.0,457.0,207.0
dataset1/Car_video_452,320.0,522.0,455.0,206.0
dataset1/Car_video_453,319.0,520.0,456.0,207.0
dataset1/Car_video_454,319.0,521.0,454.0,206.0
dataset1/Car_video_455,319.0,521.0,455.0,206.0
dataset1/Car_video_456,316.0,522.0,453.0,205.0
dataset1/Car_video_457,317.0,521.0,455.0,205.0
dataset1/Car_video_458,315.0,522.0,453.0,204.0
dataset1/Car_video_459,315.0,521.0,457.0,206.0
dataset1/Car_video_460,315.0,521.0,454.0,206.0
dataset1/Car_video_461,317.0,521.0,453.0,205.0
dataset1/Car_video_462,314.0,521.0,454.0,205.0
dataset1/Car_video_463,317.0,522.0,454.0,205.0
dataset1/Car_video_464,316.0,522.0,452.0,205.0
dataset1/Car_video_465,312.0,520.0,459.0,205.0
dataset1/Car_video_466,314.0,521.0,454.0,203.0
dataset1/Car_video_467,310.0,521.0,460.0,206.0
dataset1/Car_video_468,311.0,521.0,459.0,205.0
dataset1/Car_video_469,306.0,519.0,465.0,207.0
dataset1/Car_video_470,309.0,521.0,459.0,204.0
dataset1/Car_video_471,302.0,519.0,467.0,208.0
dataset1/Car_video_472,306.0,519.0,463.0,207.0
dataset1/Car_video_473,303.0,518.0,465.0,209.0
dataset1/Car_video_474,305.0,518.0,465.0,209.0
dataset1/Car_video_475,301.0,516.0,465.0,211.0
dataset1/Car_video_476,303.0,515.0,465.0,211.0
dataset1/Car_video_477,297.0,514.0,467.0,212.0
dataset1/Car_video_478,300.0,514.0,467.0,212.0
dataset1/Car_video_479,298.0,513.0,469.0,213.0
dataset1/Car_video_480,299.0,513.0,470.0,212.0
dataset1/Car_video_481,297.0,511.0,476.0,216.0
dataset1/Car_video_482,299.0,512.0,471.0,213.0
dataset1/Car_video_483,297.0,508.0,481.0,219.0
dataset1/Car_video_484,301.0,509.0,475.0,216.0
dataset1/Car_video_485,303.0,507.0,475.0,220.0
dataset1/Car_video_486,301.0,508.0,477.0,218.0
dataset1/Car_video_487,305.0,508.0,473.0,217.0
dataset1/Car_video_488,307.0,507.0,471.0,218.0
dataset1/Car_video_489,316.0,508.0,462.0,214.0
dataset1/Car_video_490,312.0,507.0,466.0,217.0
dataset1/Car_video_491,319.0,506.0,459.0,215.0
dataset1/Car_video_492,316.0,508.0,462.0,216.0
dataset1/Car_video_493,323.0,508.0,455.0,213.0
dataset1/Car_video_494,319.0,508.0,459.0,216.0
dataset1/Car_video_495,327.0,509.0,451.0,213.0
dataset1/Car_video_496,323.0,509.0,455.0,215.0
dataset1/Car_video_497,331.0,508.0,447.0,213.0
dataset1/Car_video_498,328.0,511.0,450.0,213.0
dataset1/Car_video_499,334.0,509.0,444.0,211.0
dataset1/Car_video_500,331.0,511.0,447.0,213.0
dataset1/Car_video_501,337.0,510.0,441.0,211.0
dataset1/Car_video_502,334.0,511.0,444.0,214.0
dataset1/Car_video_503,340.0,510.0,438.0,212.0
dataset1/Car_video_504,338.0,513.0,440.0,213.0
dataset1/Car_video_505,342.0,511.0,436.0,212.0
dataset1/Car_video_506,340.0,514.0,438.0,211.0
dataset1/Car_video_507,346.0,512.0,432.0,210.0
dataset1/Car_video_508,345.0,514.0,433.0,210.0
dataset1/Car_video_509,345.0,511.0,433.0,211.0
dataset1/Car_video_510,345.0,513.0,433.0,209.0
dataset1/Car_video_511,348.0,513.0,430.0,210.0
dataset1/Car_video_512,347.0,514.0,431.0,209.0
dataset1/Car_video_513,350.0,514.0,428.0,209.0
dataset1/Car_video_514,348.0,514.0,430.0,210.0
dataset1/Car_video_515,353.0,515.0,425.0,209.0
dataset1/Car_video_516,351.0,515.0,427.0,209.0
dataset1/Car_video_517,353.0,515.0,425.0,209.0
dataset1/Car_video_518,351.0,515.0,427.0,210.0
dataset1/Car_video_519,350.0,513.0,428.0,211.0
dataset1/Car_video_520,349.0,514.0,429.0,211.0
dataset1/Car_video_521,350.0,513.0,428.0,212.0
dataset1/Car_video_522,348.0,513.0,430.0,215.0
dataset1/Car_video_523,349.0,510.0,429.0,214.0
dataset1/Car_video_524,347.0,510.0,431.0,217.0
dataset1/Car_video_525,343.0,509.0,435.0,219.0
dataset1/Car_video_526,342.0,509.0,436.0,219.0
dataset1/Car_video_527,338.0,507.0,440.0,220.0
dataset1/Car_video_528,337.0,508.0,441.0,220.0
dataset1/Car_video_529,333.0,506.0,445.0,222.0
dataset1/Car_video_530,332.0,506.0,446.0,224.0
dataset1/Car_video_531,331.0,505.0,447.0,225.0
dataset1/Car_video_532,330.0,505.0,448.0,225.0
dataset1/Car_video_533,326.0,504.0,452.0,226.0
dataset1/Car_video_534,325.0,504.0,453.0,226.0
dataset1/Car_video_535,321.0,502.0,457.0,228.0
dataset1/Car_video_536,320.0,503.0,458.0,229.0
dataset1/Car_video_537,320.0,502.0,458.0,229.0
dataset1/Car_video_538,320.0,503.0,458.0,229.0
dataset1/Car_video_539,320.0,504.0,458.0,228.0
dataset1/Car_video_540,320.0,505.0,458.0,228.0
dataset1/Car_video_541,319.0,503.0,459.0,228.0
dataset1/Car_video_542,317.0,504.0,461.0,229.0
dataset1/Car_video_543,316.0,504.0,462.0,227.0
dataset1/Car_video_544,315.0,504.0,463.0,228.0
dataset1/Car_video_545,316.0,503.0,462.0,228.0
dataset1/Car_video_546,316.0,504.0,462.0,230.0
dataset1/Car_video_547,316.0,502.0,462.0,230.0
dataset1/Car_video_548,314.0,502.0,464.0,232.0
dataset1/Car_video_549,318.0,504.0,460.0,229.0
dataset1/Car_video_550,314.0,503.0,464.0,231.0
dataset1/Car_video_551,316.0,504.0,462.0,229.0
dataset1/Car_video_552,314.0,506.0,464.0,229.0
dataset1/Car_video_553,317.0,504.0,461.0,229.0
dataset1/Car_video_554,314.0,507.0,464.0,230.0
dataset1/Car_video_555,317.0,505.0,461.0,228.0
dataset1/Car_video_556,316.0,508.0,462.0,228.0
dataset1/Car_video_557,316.0,506.0,462.0,227.0
dataset1/Car_video_558,316.0,507.0,462.0,228.0
dataset1/Car_video_559,316.0,506.0,462.0,226.0
dataset1/Car_video_560,315.0,508.0,463.0,227.0
dataset1/Car_video_561,320.0,510.0,458.0,222.0
dataset1/Car_video_562,318.0,509.0,460.0,224.0
dataset1/Car_video_563,317.0,512.0,461.0,222.0
dataset1/Car_video_564,316.0,513.0,462.0,222.0
dataset1/Car_video_565,317.0,514.0,461.0,221.0
dataset1/Car_video_566,317.0,514.0,461.0,220.0
dataset1/Car_video_567,320.0,515.0,458.0,220.0
dataset1/Car_video_568,319.0,515.0,459.0,221.0
dataset1/Car_video_569,321.0,514.0,457.0,221.0
dataset1/Car_video_570,321.0,515.0,457.0,222.0
dataset1/Car_video_571,323.0,514.0,455.0,223.0
dataset1/Car_video_572,322.0,512.0,456.0,223.0
dataset1/Car_video_573,323.0,514.0,455.0,221.0
dataset1/Car_video_574,323.0,515.0,455.0,222.0
dataset1/Car_video_575,322.0,516.0,456.0,222.0
dataset1/Car_video_576,324.0,516.0,454.0,220.0
dataset1/Car_video_577,323.0,517.0,455.0,219.0
dataset1/Car_video_578,323.0,519.0,455.0,219.0
dataset1/Car_video_579,326.0,521.0,452.0,217.0
dataset1/Car_video_580,324.0,522.0,454.0,217.0
dataset1/Car_video_581,322.0,521.0,456.0,218.0
dataset1/Car_video_582,325.0,523.0,453.0,216.0
dataset1/Car_video_583,325.0,521.0,453.0,218.0
dataset1/Car_video_584,324.0,522.0,454.0,217.0
dataset1/Car_video_4_0,73.0,447.0,12.0,21.0
dataset1/Car_video_4_1,73.0,447.0,12.0,20.0
dataset1/Car_video_4_2,73.0,448.0,12.0,20.0
dataset1/Car_video_4_3,73.0,449.0,12.0,20.0
dataset1/Car_video_4_4,72.0,449.0,12.0,20.0
dataset1/Car_video_4_5,71.0,450.0,12.0,20.0
dataset1/Car_video_4_6,71.0,450.0,12.0,20.0
dataset1/Car_video_4_7,71.0,450.0,12.0,20.0
dataset1/Car_video_4_8,70.0,451.0,12.0,20.0
dataset1/Car_video_4_9,70.0,451.0,12.0,20.0
dataset1/Car_video_4_10,70.0,451.0,12.0,20.0
dataset1/Car_video_4_11,69.0,452.0,12.0,20.0
dataset1/Car_video_4_12,69.0,452.0,12.0,20.0
dataset1/Car_video_4_13,68.0,453.0,12.0,21.0
dataset1/Car_video_4_14,68.0,453.0,12.0,21.0
dataset1/Car_video_4_15,68.0,454.0,12.0,21.0
dataset1/Car_video_4_16,68.0,454.0,12.0,21.0
dataset1/Car_video_4_17,67.0,455.0,12.0,20.0
dataset1/Car_video_4_18,67.0,455.0,12.0,20.0
dataset1/Car_video_4_19,66.0,455.0,12.0,21.0
dataset1/Car_video_4_20,66.0,456.0,12.0,20.0
dataset1/Car_video_4_21,65.0,456.0,12.0,21.0
dataset1/Car_video_4_22,65.0,457.0,12.0,20.0
dataset1/Car_video_4_23,65.0,457.0,12.0,21.0
dataset1/Car_video_4_24,64.0,458.0,12.0,21.0
dataset1/Car_video_4_25,64.0,458.0,12.0,21.0
dataset1/Car_video_4_26,64.0,459.0,12.0,21.0
dataset1/Car_video_4_27,64.0,459.0,12.0,21.0
dataset1/Car_video_4_28,63.0,460.0,12.0,21.0
dataset1/Car_video_4_29,63.0,460.0,12.0,21.0
dataset1/Car_video_4_30,62.0,461.0,12.0,21.0
dataset1/Car_video_4_31,62.0,461.0,12.0,21.0
dataset1/Car_video_4_32,62.0,462.0,12.0,21.0
dataset1/Car_video_4_33,61.0,462.0,12.0,21.0
dataset1/Car_video_4_34,61.0,463.0,12.0,21.0
dataset1/Car_video_4_35,60.0,463.0,12.0,21.0
dataset1/Car_video_4_36,60.0,464.0,11.0,20.0
dataset1/Car_video_4_37,60.0,465.0,12.0,21.0
dataset1/Car_video_4_38,59.0,465.0,12.0,21.0
dataset1/Car_video_4_39,59.0,466.0,12.0,20.0
dataset1/Car_video_4_40,58.0,467.0,12.0,20.0
dataset1/Car_video_4_41,58.0,468.0,12.0,20.0
dataset1/Car_video_4_42,58.0,468.0,12.0,20.0
dataset1/Car_video_4_43,57.0,469.0,12.0,20.0
dataset1/Car_video_4_44,57.0,470.0,12.0,20.0
dataset1/Car_video_4_45,56.0,470.0,12.0,20.0
dataset1/Car_video_4_46,56.0,471.0,12.0,20.0
dataset1/Car_video_4_47,56.0,471.0,12.0,20.0
dataset1/Car_video_4_48,55.0,472.0,12.0,20.0
dataset1/Car_video_4_49,55.0,472.0,12.0,20.0
dataset1/Car_video_4_50,54.0,473.0,12.0,20.0
dataset1/Car_video_4_51,54.0,474.0,12.0,20.0
dataset1/Car_video_4_52,54.0,475.0,12.0,20.0
dataset1/Car_video_4_53,53.0,475.0,12.0,21.0
dataset1/Car_video_4_54,53.0,476.0,12.0,20.0
dataset1/Car_video_4_55,52.0,476.0,12.0,21.0
dataset1/Car_video_4_56,52.0,477.0,12.0,21.0
dataset1/Car_video_4_57,52.0,478.0,12.0,20.0
dataset1/Car_video_4_58,51.0,478.0,13.0,21.0
dataset1/Car_video_4_59,51.0,479.0,12.0,20.0
dataset1/Car_video_4_60,51.0,480.0,12.0,21.0
dataset1/Car_video_4_61,50.0,480.0,12.0,21.0
dataset1/Car_video_4_62,50.0,481.0,12.0,21.0
dataset1/Car_video_4_63,50.0,482.0,12.0,21.0
dataset1/Car_video_4_64,49.0,482.0,12.0,21.0
dataset1/Car_video_4_65,48.0,483.0,12.0,21.0
dataset1/Car_video_4_66,48.0,484.0,12.0,21.0
dataset1/Car_video_4_67,48.0,485.0,12.0,21.0
dataset1/Car_video_4_68,47.0,486.0,12.0,21.0
dataset1/Car_video_4_69,47.0,486.0,12.0,21.0
dataset1/Car_video_4_70,47.0,487.0,12.0,21.0
dataset1/Car_video_4_71,46.0,488.0,12.0,22.0
dataset1/Car_video_4_72,46.0,489.0,12.0,21.0
dataset1/Car_video_4_73,46.0,489.0,12.0,21.0
dataset1/Car_video_4_74,45.0,490.0,12.0,21.0
dataset1/Car_video_4_75,45.0,491.0,13.0,21.0
dataset1/Car_video_4_76,44.0,492.0,13.0,21.0
dataset1/Car_video_4_77,44.0,492.0,13.0,21.0
dataset1/Car_video_4_78,43.0,494.0,13.0,21.0
dataset1/Car_video_4_79,43.0,495.0,13.0,21.0
dataset1/Car_video_4_80,43.0,496.0,13.0,20.0
dataset1/Car_video_4_81,43.0,497.0,13.0,20.0
dataset1/Car_video_4_82,42.0,498.0,13.0,20.0
dataset1/Car_video_4_83,42.0,499.0,13.0,20.0
dataset1/Car_video_4_84,42.0,499.0,13.0,20.0
dataset1/Car_video_4_85,41.0,500.0,13.0,20.0
dataset1/Car_video_4_86,41.0,501.0,13.0,20.0
dataset1/Car_video_4_87,40.0,501.0,13.0,21.0
dataset1/Car_video_4_88,40.0,502.0,13.0,21.0
dataset1/Car_video_4_89,40.0,503.0,13.0,21.0
dataset1/Car_video_4_90,40.0,504.0,13.0,21.0
dataset1/Car_video_4_91,40.0,505.0,13.0,21.0
dataset1/Car_video_4_92,39.0,505.0,13.0,21.0
dataset1/Car_video_4_93,39.0,506.0,13.0,21.0
dataset1/Car_video_4_94,39.0,507.0,13.0,21.0
dataset1/Car_video_4_95,39.0,508.0,13.0,21.0
dataset1/Car_video_4_96,39.0,508.0,13.0,21.0
dataset1/Car_video_4_97,39.0,508.0,13.0,22.0
dataset1/Car_video_4_98,39.0,509.0,13.0,22.0
dataset1/Car_video_4_99,39.0,510.0,13.0,22.0
dataset1/Car_video_4_100,39.0,511.0,13.0,22.0
dataset1/Car_video_4_101,39.0,512.0,13.0,22.0
dataset1/Car_video_4_102,39.0,513.0,13.0,21.0
dataset1/Car_video_4_103,38.0,514.0,13.0,21.0
dataset1/Car_video_4_104,38.0,515.0,13.0,21.0
dataset1/Car_video_4_105,38.0,516.0,13.0,21.0
dataset1/Car_video_4_106,38.0,517.0,13.0,21.0
dataset1/Car_video_4_107,38.0,517.0,13.0,21.0
dataset1/Car_video_4_108,38.0,518.0,13.0,21.0
dataset1/Car_video_4_109,38.0,519.0,13.0,21.0
dataset1/Car_video_4_110,38.0,520.0,13.0,21.0
dataset1/Car_video_4_111,38.0,521.0,13.0,21.0
dataset1/Car_video_4_112,38.0,521.0,13.0,21.0
dataset1/Car_video_4_113,38.0,522.0,13.0,21.0
dataset1/Car_video_4_114,38.0,523.0,13.0,21.0
dataset1/Car_video_4_115,38.0,524.0,13.0,21.0
dataset1/Car_video_4_116,38.0,524.0,13.0,21.0
dataset1/Car_video_4_117,38.0,525.0,13.0,21.0
dataset1/Car_video_4_118,38.0,526.0,13.0,22.0
dataset1/Car_video_4_119,38.0,526.0,13.0,22.0
dataset1/Car_video_4_120,38.0,527.0,13.0,22.0
dataset1/Car_video_4_121,38.0,527.0,13.0,22.0
dataset1/Car_video_4_122,38.0,529.0,13.0,22.0
dataset1/Car_video_4_123,38.0,529.0,13.0,21.0
dataset1/Car_video_4_124,38.0,530.0,13.0,22.0
dataset1/Car_video_4_125,39.0,531.0,13.0,22.0
dataset1/Car_video_4_126,38.0,531.0,13.0,22.0
dataset1/Car_video_4_127,39.0,533.0,13.0,21.0
dataset1/Car_video_4_128,38.0,533.0,14.0,22.0
dataset1/Car_video_4_129,38.0,534.0,14.0,22.0
dataset1/Car_video_4_130,39.0,535.0,13.0,21.0
dataset1/Car_video_4_131,39.0,536.0,14.0,23.0
dataset1/Car_video_4_132,39.0,537.0,14.0,22.0
dataset1/Car_video_4_133,39.0,538.0,14.0,22.0
dataset1/Car_video_4_134,39.0,539.0,14.0,22.0
dataset1/Car_video_4_135,39.0,540.0,14.0,22.0
dataset1/Car_video_4_136,39.0,540.0,14.0,22.0
dataset1/Car_video_4_137,39.0,541.0,14.0,22.0
dataset1/Car_video_4_138,39.0,542.0,14.0,22.0
dataset1/Car_video_4_139,39.0,543.0,14.0,22.0
dataset1/Car_video_4_140,39.0,544.0,14.0,22.0
dataset1/Car_video_4_141,39.0,545.0,13.0,21.0
dataset1/Car_video_4_142,40.0,546.0,13.0,21.0
dataset1/Car_video_4_143,40.0,547.0,14.0,22.0
dataset1/Car_video_4_144,40.0,547.0,14.0,22.0
dataset1/Car_video_4_145,40.0,548.0,14.0,22.0
dataset1/Car_video_4_146,40.0,550.0,14.0,21.0
dataset1/Car_video_4_147,40.0,550.0,14.0,21.0
dataset1/Car_video_4_148,40.0,551.0,14.0,22.0
dataset1/Car_video_4_149,40.0,552.0,14.0,22.0
dataset1/Car_video_4_150,40.0,553.0,14.0,22.0
dataset1/Car_video_4_151,41.0,554.0,14.0,22.0
dataset1/Car_video_4_152,40.0,555.0,14.0,22.0
dataset1/Car_video_4_153,41.0,555.0,14.0,22.0
dataset1/Car_video_4_154,40.0,556.0,14.0,23.0
dataset1/Car_video_4_155,41.0,558.0,13.0,21.0
dataset1/Car_video_4_156,41.0,558.0,14.0,22.0
dataset1/Car_video_4_157,41.0,559.0,14.0,22.0
dataset1/Car_video_4_158,41.0,560.0,14.0,22.0
dataset1/Car_video_4_159,42.0,562.0,13.0,21.0
dataset1/Car_video_4_160,42.0,562.0,14.0,22.0
dataset1/Car_video_4_161,42.0,563.0,14.0,22.0
dataset1/Car_video_4_162,42.0,563.0,14.0,22.0
dataset1/Car_video_4_163,43.0,565.0,14.0,22.0
dataset1/Car_video_4_164,43.0,565.0,14.0,22.0
dataset1/Car_video_4_165,43.0,565.0,15.0,23.0
dataset1/Car_video_4_166,43.0,567.0,15.0,22.0
dataset1/Car_video_4_167,43.0,568.0,15.0,22.0
dataset1/Car_video_4_168,44.0,569.0,15.0,22.0
dataset1/Car_video_4_169,44.0,570.0,15.0,22.0
dataset1/Car_video_4_170,45.0,571.0,15.0,21.0
dataset1/Car_video_4_171,45.0,572.0,15.0,22.0
dataset1/Car_video_4_172,45.0,573.0,15.0,22.0
dataset1/Car_video_4_173,45.0,573.0,15.0,22.0
dataset1/Car_video_4_174,46.0,574.0,15.0,22.0
dataset1/Car_video_4_175,46.0,575.0,15.0,22.0
dataset1/Car_video_4_176,46.0,576.0,15.0,23.0
dataset1/Car_video_4_177,47.0,577.0,15.0,22.0
dataset1/Car_video_4_178,47.0,578.0,15.0,23.0
dataset1/Car_video_4_179,48.0,579.0,15.0,23.0
dataset1/Car_video_4_180,48.0,580.0,15.0,23.0
dataset1/Car_video_4_181,49.0,582.0,15.0,22.0
dataset1/Car_video_4_182,50.0,584.0,14.0,20.0
dataset1/Car_video_4_183,50.0,585.0,15.0,21.0
dataset1/Car_video_4_184,50.0,586.0,15.0,20.0
dataset1/Car_video_4_185,51.0,588.0,15.0,19.0
dataset1/Car_video_4_186,51.0,588.0,16.0,20.0
dataset1/Car_video_4_187,51.0,590.0,16.0,19.0
dataset1/Car_video_4_188,52.0,590.0,16.0,20.0
dataset1/Car_video_4_189,53.0,592.0,16.0,20.0
dataset1/Car_video_4_190,53.0,593.0,16.0,20.0
dataset1/Car_video_4_191,54.0,593.0,16.0,20.0
dataset1/Car_video_4_192,54.0,595.0,16.0,19.0
dataset1/Car_video_4_193,55.0,596.0,16.0,19.0
dataset1/Car_video_4_194,55.0,597.0,16.0,19.0
dataset1/Car_video_4_195,56.0,598.0,16.0,19.0
dataset1/Car_video_4_196,56.0,597.0,16.0,20.0
dataset1/Car_video_4_197,58.0,600.0,15.0,19.0
dataset1/Car_video_4_198,58.0,599.0,16.0,21.0
dataset1/Car_video_4_199,58.0,599.0,16.0,21.0
dataset1/Car_video_4_200,59.0,601.0,16.0,20.0
dataset1/Car_video_4_201,59.0,603.0,16.0,19.0
dataset1/Car_video_4_202,60.0,605.0,15.0,18.0
dataset1/Car_video_4_203,61.0,606.0,16.0,19.0
dataset1/Car_video_4_204,61.0,606.0,16.0,19.0
dataset1/Car_video_4_205,63.0,608.0,15.0,18.0
dataset1/Car_video_4_206,63.0,609.0,15.0,19.0
dataset1/Car_video_4_207,64.0,609.0,16.0,20.0
dataset1/Car_video_4_208,64.0,610.0,16.0,20.0
dataset1/Car_video_4_209,65.0,611.0,16.0,20.0
dataset1/Car_video_4_210,66.0,612.0,16.0,20.0
dataset1/Car_video_4_211,66.0,613.0,16.0,20.0
dataset1/Car_video_4_212,67.0,612.0,17.0,21.0
dataset1/Car_video_4_213,68.0,614.0,17.0,21.0
dataset1/Car_video_4_214,69.0,616.0,16.0,20.0
dataset1/Car_video_4_215,70.0,617.0,16.0,20.0
dataset1/Car_video_4_216,71.0,617.0,16.0,20.0
dataset1/Car_video_4_217,71.0,618.0,16.0,20.0
dataset1/Car_video_4_218,72.0,619.0,17.0,20.0
dataset1/Car_video_4_219,73.0,620.0,17.0,20.0
dataset1/Car_video_4_220,74.0,620.0,18.0,20.0
dataset1/Car_video_4_221,74.0,622.0,18.0,19.0
dataset1/Car_video_4_222,75.0,623.0,18.0,19.0
dataset1/Car_video_4_223,76.0,624.0,18.0,19.0
dataset1/Car_video_4_224,76.0,624.0,19.0,20.0
dataset1/Car_video_4_225,78.0,625.0,18.0,19.0
dataset1/Car_video_4_226,78.0,625.0,19.0,20.0
dataset1/Car_video_4_227,80.0,626.0,18.0,19.0
dataset1/Car_video_4_228,80.0,627.0,19.0,20.0
dataset1/Car_video_4_229,80.0,626.0,20.0,21.0
dataset1/Car_video_4_230,83.0,628.0,19.0,20.0
dataset1/Car_video_4_231,83.0,629.0,20.0,20.0
dataset1/Car_video_4_232,83.0,629.0,21.0,20.0
dataset1/Car_video_4_233,85.0,630.0,21.0,20.0
dataset1/Car_video_4_234,85.0,631.0,21.0,20.0
dataset1/Car_video_4_235,88.0,632.0,20.0,19.0
dataset1/Car_video_4_236,88.0,632.0,21.0,20.0
dataset1/Car_video_4_237,89.0,633.0,20.0,19.0
dataset1/Car_video_4_238,90.0,634.0,21.0,20.0
dataset1/Car_video_4_239,91.0,634.0,21.0,19.0
dataset1/Car_video_4_240,92.0,635.0,21.0,19.0
dataset1/Car_video_4_241,92.0,635.0,22.0,20.0
dataset1/Car_video_4_242,95.0,636.0,21.0,19.0
dataset1/Car_video_4_243,95.0,637.0,22.0,19.0
dataset1/Car_video_4_244,96.0,637.0,23.0,19.0
dataset1/Car_video_4_245,96.0,638.0,24.0,19.0
dataset1/Car_video_4_246,97.0,638.0,24.0,19.0
dataset1/Car_video_4_247,98.0,639.0,25.0,19.0
dataset1/Car_video_4_248,99.0,639.0,25.0,19.0
dataset1/Car_video_4_249,100.0,640.0,25.0,19.0
dataset1/Car_video_4_250,100.0,640.0,26.0,19.0
dataset1/Car_video_4_251,101.0,641.0,27.0,19.0
dataset1/Car_video_4_252,102.0,641.0,27.0,18.0
dataset1/Car_video_4_253,104.0,642.0,27.0,18.0
dataset1/Car_video_4_254,104.0,642.0,27.0,18.0
dataset1/Car_video_4_255,106.0,643.0,27.0,18.0
dataset1/Car_video_4_256,107.0,643.0,28.0,18.0
dataset1/Car_video_4_257,108.0,643.0,29.0,18.0
dataset1/Car_video_4_258,108.0,644.0,29.0,18.0
dataset1/Car_video_4_259,110.0,644.0,29.0,17.0
dataset1/Car_video_4_260,111.0,645.0,30.0,17.0
dataset1/Car_video_4_261,112.0,645.0,30.0,17.0
dataset1/Car_video_4_262,113.0,645.0,30.0,17.0
dataset1/Car_video_4_263,115.0,646.0,29.0,17.0
dataset1/Car_video_4_264,116.0,646.0,29.0,17.0
dataset1/Car_video_4_265,117.0,646.0,29.0,17.0
dataset1/Car_video_4_266,119.0,646.0,30.0,17.0
dataset1/Car_video_4_267,121.0,646.0,29.0,17.0
dataset1/Car_video_4_268,122.0,646.0,29.0,17.0
dataset1/Car_video_4_269,124.0,647.0,29.0,17.0
dataset1/Car_video_4_270,124.0,647.0,29.0,17.0
dataset1/Car_video_4_271,126.0,647.0,30.0,17.0
dataset1/Car_video_4_272,127.0,647.0,30.0,17.0
dataset1/Car_video_4_273,129.0,647.0,29.0,16.0
dataset1/Car_video_4_274,130.0,648.0,29.0,16.0
dataset1/Car_video_4_275,132.0,648.0,29.0,16.0
dataset1/Car_video_4_276,133.0,648.0,30.0,16.0
dataset1/Car_video_4_277,134.0,648.0,30.0,16.0
dataset1/Car_video_4_278,136.0,648.0,30.0,16.0
dataset1/Car_video_4_279,136.0,648.0,31.0,16.0
dataset1/Car_video_4_280,138.0,649.0,30.0,15.0
dataset1/Car_video_4_281,139.0,649.0,30.0,15.0
dataset1/Car_video_4_282,141.0,649.0,30.0,15.0
dataset1/Car_video_4_283,142.0,649.0,31.0,15.0
dataset1/Car_video_4_284,143.0,650.0,31.0,15.0
dataset1/Car_video_4_285,145.0,650.0,31.0,15.0
dataset1/Car_video_4_286,147.0,650.0,31.0,15.0
dataset1/Car_video_4_287,148.0,650.0,31.0,15.0
dataset1/Car_video_4_288,150.0,650.0,30.0,14.0
dataset1/Car_video_4_289,152.0,650.0,30.0,14.0
dataset1/Car_video_4_290,153.0,650.0,30.0,14.0
dataset1/Car_video_4_291,154.0,650.0,31.0,14.0
dataset1/Car_video_4_292,156.0,651.0,30.0,14.0
dataset1/Car_video_4_293,158.0,650.0,31.0,14.0
dataset1/Car_video_4_294,159.0,651.0,31.0,14.0
dataset1/Car_video_4_295,161.0,650.0,30.0,14.0
dataset1/Car_video_4_296,162.0,650.0,31.0,14.0
dataset1/Car_video_4_297,164.0,650.0,30.0,14.0
dataset1/Car_video_4_298,165.0,650.0,30.0,14.0
dataset1/Car_video_4_299,166.0,650.0,31.0,14.0
dataset1/Car_video_4_300,169.0,650.0,31.0,14.0
dataset1/Car_video_4_301,170.0,650.0,30.0,14.0
dataset1/Car_video_4_302,171.0,650.0,31.0,14.0
dataset1/Car_video_4_303,173.0,650.0,30.0,14.0
dataset1/Car_video_4_304,174.0,650.0,31.0,14.0
dataset1/Car_video_4_305,177.0,650.0,30.0,14.0
dataset1/Car_video_4_306,178.0,650.0,30.0,14.0
dataset1/Car_video_4_307,179.0,650.0,31.0,14.0
dataset1/Car_video_4_308,181.0,650.0,31.0,14.0
dataset1/Car_video_4_309,182.0,650.0,31.0,14.0
dataset1/Car_video_4_310,184.0,649.0,31.0,14.0
dataset1/Car_video_4_311,185.0,650.0,31.0,14.0
dataset1/Car_video_4_312,187.0,649.0,31.0,14.0
dataset1/Car_video_4_313,188.0,650.0,31.0,14.0
dataset1/Car_video_4_314,190.0,649.0,32.0,15.0
dataset1/Car_video_4_315,191.0,649.0,31.0,14.0
dataset1/Car_video_4_316,193.0,649.0,31.0,14.0
dataset1/Car_video_4_317,194.0,649.0,32.0,14.0
dataset1/Car_video_4_318,195.0,649.0,32.0,14.0
dataset1/Car_video_4_319,197.0,649.0,32.0,14.0
dataset1/Car_video_4_320,199.0,649.0,32.0,14.0
dataset1/Car_video_4_321,200.0,649.0,32.0,14.0
dataset1/Car_video_4_322,202.0,649.0,32.0,14.0
dataset1/Car_video_4_323,203.0,649.0,33.0,14.0
dataset1/Car_video_4_324,205.0,649.0,32.0,14.0
dataset1/Car_video_4_325,207.0,648.0,32.0,14.0
dataset1/Car_video_4_326,208.0,648.0,32.0,14.0
dataset1/Car_video_4_327,209.0,649.0,32.0,14.0
dataset1/Car_video_4_328,211.0,649.0,33.0,14.0
dataset1/Car_video_4_329,213.0,648.0,32.0,14.0
dataset1/Car_video_4_330,214.0,648.0,32.0,14.0
dataset1/Car_video_4_331,215.0,648.0,33.0,14.0
dataset1/Car_video_4_332,217.0,648.0,32.0,14.0
dataset1/Car_video_4_333,219.0,648.0,32.0,14.0
dataset1/Car_video_4_334,221.0,648.0,32.0,14.0
dataset1/Car_video_4_335,221.0,648.0,33.0,14.0
dataset1/Car_video_4_336,224.0,648.0,32.0,14.0
dataset1/Car_video_4_337,226.0,648.0,31.0,14.0
dataset1/Car_video_4_338,228.0,648.0,32.0,14.0
dataset1/Car_video_4_339,229.0,647.0,32.0,14.0
dataset1/Car_video_4_340,231.0,648.0,31.0,14.0
dataset1/Car_video_4_341,232.0,647.0,32.0,15.0
dataset1/Car_video_4_342,234.0,647.0,31.0,15.0
dataset1/Car_video_4_343,235.0,647.0,31.0,14.0
dataset1/Car_video_4_344,237.0,647.0,31.0,14.0
dataset1/Car_video_4_345,239.0,647.0,31.0,14.0
dataset1/Car_video_4_346,240.0,647.0,32.0,14.0
dataset1/Car_video_4_347,241.0,648.0,31.0,14.0
dataset1/Car_video_4_348,244.0,647.0,31.0,14.0
dataset1/Car_video_4_349,244.0,647.0,31.0,14.0
dataset1/Car_video_4_350,247.0,647.0,31.0,14.0
dataset1/Car_video_4_351,249.0,647.0,32.0,14.0
dataset1/Car_video_4_352,249.0,647.0,31.0,14.0
dataset1/Car_video_4_353,252.0,647.0,33.0,15.0
dataset1/Car_video_4_354,253.0,646.0,33.0,15.0
dataset1/Car_video_4_355,254.0,646.0,33.0,15.0
dataset1/Car_video_4_356,257.0,646.0,32.0,15.0
dataset1/Car_video_4_357,258.0,646.0,33.0,15.0
dataset1/Car_video_4_358,259.0,646.0,32.0,15.0
dataset1/Car_video_4_359,260.0,646.0,33.0,15.0
dataset1/Car_video_4_360,261.0,646.0,33.0,15.0
dataset1/Car_video_4_361,263.0,646.0,34.0,15.0
dataset1/Car_video_4_362,263.0,647.0,34.0,15.0
dataset1/Car_video_4_363,266.0,646.0,33.0,15.0
dataset1/Car_video_4_364,266.0,646.0,34.0,15.0
dataset1/Car_video_4_365,268.0,647.0,34.0,15.0
dataset1/Car_video_4_366,270.0,646.0,33.0,15.0
dataset1/Car_video_4_367,272.0,647.0,33.0,15.0
dataset1/Car_video_4_368,274.0,646.0,33.0,15.0
dataset1/Car_video_4_369,275.0,646.0,33.0,15.0
dataset1/Car_video_4_370,278.0,647.0,32.0,15.0
dataset1/Car_video_4_371,280.0,646.0,32.0,15.0
dataset1/Car_video_4_372,283.0,647.0,31.0,15.0
dataset1/Car_video_4_373,284.0,646.0,31.0,15.0
dataset1/Car_video_4_374,286.0,647.0,32.0,16.0
dataset1/Car_video_4_375,288.0,647.0,31.0,15.0
dataset1/Car_video_4_376,290.0,647.0,31.0,15.0
dataset1/Car_video_4_377,292.0,647.0,31.0,15.0
dataset1/Car_video_4_378,293.0,647.0,32.0,15.0
dataset1/Car_video_4_379,295.0,647.0,33.0,15.0
dataset1/Car_video_4_380,297.0,648.0,32.0,15.0
dataset1/Car_video_4_381,299.0,648.0,32.0,14.0
dataset1/Car_video_4_382,299.0,648.0,32.0,14.0
dataset1/Car_video_4_383,301.0,648.0,33.0,15.0
dataset1/Car_video_4_384,303.0,649.0,32.0,15.0
dataset1/Car_video_4_385,305.0,648.0,32.0,15.0
dataset1/Car_video_4_386,306.0,648.0,32.0,16.0
dataset1/Car_video_4_387,307.0,648.0,33.0,16.0
dataset1/Car_video_4_388,309.0,648.0,33.0,16.0
dataset1/Car_video_4_389,311.0,648.0,32.0,16.0
dataset1/Car_video_4_390,314.0,648.0,31.0,16.0
dataset1/Car_video_4_391,316.0,649.0,31.0,16.0
dataset1/Car_video_4_392,317.0,649.0,32.0,17.0
dataset1/Car_video_4_393,319.0,649.0,31.0,17.0
dataset1/Car_video_4_394,320.0,649.0,32.0,17.0
dataset1/Car_video_4_395,322.0,650.0,30.0,17.0
dataset1/Car_video_4_396,324.0,650.0,30.0,17.0
dataset1/Car_video_4_397,326.0,650.0,28.0,17.0
dataset1/Car_video_4_398,327.0,650.0,29.0,18.0
dataset1/Car_video_4_399,329.0,650.0,29.0,18.0
dataset1/Car_video_4_400,330.0,650.0,30.0,18.0
dataset1/Car_video_4_401,332.0,650.0,31.0,18.0
dataset1/Car_video_4_402,333.0,650.0,31.0,18.0
dataset1/Car_video_4_403,335.0,650.0,31.0,18.0
dataset1/Car_video_4_404,337.0,651.0,31.0,19.0
dataset1/Car_video_4_405,339.0,651.0,30.0,19.0
dataset1/Car_video_4_406,341.0,650.0,30.0,19.0
dataset1/Car_video_4_407,342.0,651.0,30.0,19.0
dataset1/Car_video_4_408,344.0,651.0,30.0,19.0
dataset1/Car_video_4_409,346.0,652.0,29.0,19.0
dataset1/Car_video_4_410,348.0,652.0,29.0,19.0
dataset1/Car_video_4_411,350.0,653.0,29.0,19.0
dataset1/Car_video_4_412,351.0,653.0,30.0,19.0
dataset1/Car_video_4_413,353.0,653.0,31.0,19.0
dataset1/Car_video_4_414,355.0,653.0,31.0,19.0
dataset1/basketball_0,625.0,381.0,73.0,57.0
dataset1/basketball_1,626.0,391.0,74.0,60.0
dataset1/basketball_2,626.0,397.0,73.0,60.0
dataset1/basketball_3,627.0,402.0,72.0,60.0
dataset1/basketball_4,628.0,406.0,72.0,60.0
dataset1/basketball_5,629.0,407.0,71.0,60.0
dataset1/basketball_6,655.0,395.0,74.0,64.0
dataset1/basketball_7,655.0,395.0,75.0,66.0
dataset1/basketball_8,655.0,394.0,75.0,66.0
dataset1/basketball_9,671.0,368.0,78.0,69.0
dataset1/basketball_10,672.0,368.0,76.0,67.0
dataset1/basketball_11,675.0,318.0,76.0,69.0
dataset1/basketball_12,675.0,317.0,75.0,69.0
dataset1/basketball_13,676.0,317.0,74.0,69.0
dataset1/basketball_14,664.0,285.0,78.0,72.0
dataset1/basketball_15,664.0,286.0,78.0,71.0
dataset1/basketball_16,650.0,257.0,85.0,75.0
dataset1/basketball_17,650.0,256.0,83.0,73.0
dataset1/basketball_18,649.0,257.0,84.0,75.0
dataset1/basketball_19,642.0,252.0,82.0,72.0
dataset1/basketball_20,642.0,253.0,83.0,72.0
dataset1/basketball_21,627.0,271.0,79.0,71.0
dataset1/basketball_22,629.0,271.0,77.0,71.0
dataset1/basketball_23,629.0,271.0,77.0,71.0
dataset1/basketball_24,613.0,289.0,76.0,76.0
dataset1/basketball_25,613.0,289.0,78.0,79.0
dataset1/basketball_26,589.0,329.0,71.0,70.0
dataset1/basketball_27,589.0,330.0,71.0,69.0
dataset1/basketball_28,589.0,330.0,72.0,69.0
dataset1/basketball_29,561.0,354.0,77.0,75.0
dataset1/basketball_30,561.0,354.0,76.0,75.0
dataset1/basketball_31,506.0,409.0,80.0,80.0
dataset1/basketball_32,507.0,408.0,79.0,79.0
dataset1/basketball_33,508.0,408.0,79.0,79.0
dataset1/basketball_34,462.0,458.0,84.0,82.0
dataset1/basketball_35,463.0,458.0,84.0,82.0
dataset1/basketball_36,401.0,537.0,84.0,79.0
dataset1/basketball_37,399.0,535.0,86.0,82.0
dataset1/basketball_38,399.0,536.0,85.0,80.0
dataset1/basketball_39,380.0,575.0,82.0,77.0
dataset1/basketball_40,380.0,579.0,82.0,77.0
dataset1/basketball_41,370.0,604.0,85.0,82.0
dataset1/basketball_42,370.0,606.0,82.0,80.0
dataset1/basketball_43,371.0,605.0,82.0,82.0
dataset1/basketball_44,355.0,578.0,80.0,77.0
dataset1/basketball_45,355.0,578.0,80.0,77.0
dataset1/basketball_46,352.0,547.0,79.0,77.0
dataset1/basketball_47,352.0,547.0,78.0,76.0
dataset1/basketball_48,352.0,547.0,78.0,76.0
dataset1/basketball_49,368.0,508.0,79.0,76.0
dataset1/basketball_50,367.0,508.0,80.0,77.0
dataset1/basketball_51,402.0,433.0,72.0,70.0
dataset1/basketball_52,401.0,434.0,74.0,71.0
dataset1/basketball_53,401.0,434.0,74.0,70.0
dataset1/basketball_54,425.0,377.0,73.0,69.0
dataset1/basketball_55,424.0,377.0,73.0,69.0
dataset1/basketball_56,458.0,315.0,71.0,69.0
dataset1/basketball_57,457.0,314.0,70.0,70.0
dataset1/basketball_58,457.0,314.0,70.0,70.0
dataset1/basketball_59,471.0,295.0,70.0,71.0
dataset1/basketball_60,471.0,295.0,70.0,72.0
dataset1/basketball_61,494.0,327.0,67.0,69.0
dataset1/basketball_62,494.0,329.0,68.0,68.0
dataset1/basketball_63,493.0,329.0,68.0,67.0
dataset1/basketball_64,507.0,371.0,65.0,64.0
dataset1/basketball_65,505.0,370.0,69.0,66.0
dataset1/basketball_66,518.0,432.0,66.0,67.0
dataset1/basketball_67,517.0,436.0,67.0,66.0
dataset1/basketball_68,517.0,436.0,68.0,65.0
dataset1/basketball_69,528.0,490.0,66.0,62.0
dataset1/basketball_70,526.0,491.0,68.0,62.0
dataset1/basketball_71,0.0,0.0,0.0,0.0
dataset1/basketball_72,0.0,0.0,0.0,0.0
dataset1/basketball_73,535.0,571.0,67.0,65.0
dataset1/basketball_74,547.0,625.0,61.0,61.0
dataset1/basketball_75,545.0,626.0,62.0,62.0
dataset1/basketball_76,545.0,626.0,62.0,61.0
dataset1/basketball_77,0.0,0.0,0.0,0.0
dataset1/basketball_78,0.0,0.0,0.0,0.0
dataset1/basketball_79,0.0,0.0,0.0,0.0
dataset1/basketball_80,0.0,0.0,0.0,0.0
dataset1/basketball_81,0.0,0.0,0.0,0.0
dataset1/basketball_82,0.0,0.0,0.0,0.0
dataset1/basketball_83,0.0,0.0,0.0,0.0
dataset1/basketball_84,0.0,0.0,0.0,0.0
dataset1/basketball_85,0.0,0.0,0.0,0.0
dataset1/basketball_86,0.0,0.0,0.0,0.0
dataset1/basketball_87,0.0,0.0,0.0,0.0
dataset1/basketball_88,0.0,0.0,0.0,0.0
dataset1/basketball_89,0.0,0.0,0.0,0.0
dataset1/basketball_90,0.0,0.0,0.0,0.0
dataset1/basketball_91,0.0,0.0,0.0,0.0
dataset1/basketball_92,0.0,0.0,0.0,0.0
dataset1/basketball_93,0.0,0.0,0.0,0.0
dataset1/basketball_94,507.0,698.0,64.0,62.0
dataset1/basketball_95,511.0,702.0,55.0,54.0
dataset1/basketball_96,541.0,561.0,56.0,61.0
dataset1/basketball_97,543.0,539.0,51.0,59.0
dataset1/basketball_98,546.0,518.0,49.0,59.0
dataset1/basketball_99,545.0,432.0,54.0,60.0
dataset1/basketball_100,0.0,0.0,0.0,0.0
dataset1/basketball_101,0.0,0.0,0.0,0.0
dataset1/basketball_102,0.0,0.0,0.0,0.0
dataset1/basketball_103,0.0,0.0,0.0,0.0
dataset1/basketball_104,0.0,0.0,0.0,0.0
dataset1/basketball_105,0.0,0.0,0.0,0.0
dataset1/basketball_106,0.0,0.0,0.0,0.0
dataset1/basketball_107,0.0,0.0,0.0,0.0
dataset1/basketball_108,0.0,0.0,0.0,0.0
dataset1/basketball_109,0.0,0.0,0.0,0.0
dataset1/basketball_110,0.0,0.0,0.0,0.0
dataset1/basketball_111,0.0,0.0,0.0,0.0
dataset1/basketball_112,0.0,0.0,0.0,0.0
dataset1/basketball_113,0.0,0.0,0.0,0.0
dataset1/basketball_114,0.0,0.0,0.0,0.0
dataset1/basketball_115,0.0,0.0,0.0,0.0
dataset1/basketball_116,0.0,0.0,0.0,0.0
dataset1/basketball_117,0.0,0.0,0.0,0.0
dataset1/basketball_118,0.0,0.0,0.0,0.0
dataset1/basketball_119,0.0,0.0,0.0,0.0
dataset1/basketball_120,208.0,429.0,56.0,59.0
dataset1/basketball_121,210.0,432.0,53.0,54.0
dataset1/basketball_122,177.0,458.0,52.0,54.0
dataset1/basketball_123,177.0,457.0,53.0,55.0
dataset1/basketball_124,167.0,428.0,52.0,51.0
dataset1/basketball_125,166.0,426.0,53.0,52.0
dataset1/basketball_126,166.0,426.0,53.0,51.0
dataset1/basketball_127,157.0,371.0,54.0,55.0
dataset1/basketball_128,156.0,370.0,54.0,55.0
dataset1/basketball_129,160.0,348.0,54.0,55.0
dataset1/basketball_130,160.0,348.0,55.0,55.0
dataset1/basketball_131,160.0,348.0,55.0,55.0
dataset1/basketball_132,189.0,345.0,54.0,54.0
dataset1/basketball_133,188.0,345.0,55.0,54.0
dataset1/basketball_134,210.0,356.0,56.0,54.0
dataset1/basketball_135,209.0,356.0,55.0,54.0
dataset1/basketball_136,210.0,356.0,55.0,54.0
dataset1/basketball_137,241.0,395.0,55.0,55.0
dataset1/basketball_138,240.0,395.0,55.0,56.0
dataset1/basketball_139,258.0,430.0,55.0,55.0
dataset1/basketball_140,258.0,431.0,54.0,55.0
dataset1/basketball_141,258.0,431.0,54.0,55.0
dataset1/basketball_142,280.0,470.0,55.0,57.0
dataset1/basketball_143,279.0,471.0,55.0,57.0
dataset1/basketball_144,279.0,489.0,56.0,61.0
dataset1/basketball_145,279.0,489.0,55.0,61.0
dataset1/basketball_146,279.0,489.0,55.0,61.0
dataset1/basketball_147,279.0,511.0,56.0,61.0
dataset1/basketball_148,280.0,513.0,54.0,60.0
dataset1/basketball_149,277.0,556.0,57.0,67.0
dataset1/basketball_150,277.0,555.0,57.0,66.0
dataset1/basketball_151,277.0,555.0,57.0,66.0
dataset1/basketball_152,278.0,604.0,57.0,65.0
dataset1/basketball_153,277.0,605.0,59.0,65.0
dataset1/basketball_154,301.0,614.0,46.0,51.0
dataset1/basketball_155,302.0,616.0,45.0,52.0
dataset1/basketball_156,302.0,616.0,45.0,51.0
dataset1/basketball_157,269.0,738.0,48.0,53.0
dataset1/basketball_158,272.0,744.0,64.0,82.0
dataset1/basketball_159,328.0,759.0,70.0,85.0
dataset1/basketball_160,341.0,757.0,65.0,83.0
dataset1/basketball_161,338.0,757.0,67.0,84.0
dataset1/basketball_162,261.0,815.0,91.0,98.0
dataset1/basketball_163,226.0,820.0,75.0,84.0
dataset1/basketball_164,197.0,824.0,63.0,68.0
dataset1/basketball_165,195.0,826.0,62.0,66.0
dataset1/basketball_166,195.0,826.0,62.0,65.0
dataset1/basketball_167,188.0,814.0,65.0,65.0
dataset1/basketball_168,188.0,815.0,64.0,61.0
dataset1/basketball_169,180.0,803.0,67.0,63.0
dataset1/basketball_170,179.0,802.0,67.0,63.0
dataset1/basketball_171,180.0,802.0,67.0,63.0
dataset1/basketball_172,172.0,780.0,79.0,79.0
dataset1/basketball_173,169.0,777.0,85.0,85.0
dataset1/basketball_174,182.0,775.0,68.0,68.0
dataset1/basketball_175,181.0,776.0,68.0,68.0
dataset1/basketball_176,180.0,776.0,68.0,68.0
dataset1/basketball_177,188.0,768.0,69.0,67.0
dataset1/basketball_178,188.0,769.0,69.0,66.0
dataset1/basketball_179,198.0,770.0,70.0,67.0
dataset1/basketball_180,198.0,770.0,70.0,66.0
dataset1/basketball_181,198.0,770.0,70.0,66.0
dataset1/basketball_182,210.0,778.0,70.0,66.0
dataset1/basketball_183,211.0,778.0,69.0,65.0
dataset1/basketball_184,218.0,775.0,70.0,67.0
dataset1/basketball_185,217.0,775.0,72.0,68.0
dataset1/basketball_186,217.0,775.0,73.0,68.0
dataset1/basketball_187,225.0,766.0,67.0,64.0
dataset1/basketball_188,224.0,766.0,67.0,65.0
dataset1/basketball_189,221.0,746.0,70.0,68.0
dataset1/basketball_190,223.0,748.0,70.0,67.0
dataset1/basketball_191,222.0,747.0,71.0,67.0
dataset1/basketball_192,214.0,723.0,79.0,73.0
dataset1/basketball_193,213.0,721.0,89.0,72.0
dataset1/basketball_194,202.0,698.0,94.0,76.0
dataset1/basketball_195,203.0,697.0,91.0,75.0
dataset1/basketball_196,205.0,697.0,90.0,76.0
dataset1/basketball_197,200.0,677.0,77.0,71.0
dataset1/basketball_198,202.0,677.0,72.0,70.0
dataset1/basketball_199,198.0,653.0,73.0,73.0
dataset1/basketball_200,200.0,654.0,70.0,72.0
dataset1/basketball_201,199.0,653.0,71.0,74.0
dataset1/basketball_202,199.0,632.0,72.0,74.0
dataset1/basketball_203,200.0,632.0,72.0,73.0
dataset1/basketball_204,204.0,613.0,72.0,73.0
dataset1/basketball_205,203.0,613.0,73.0,75.0
dataset1/basketball_206,203.0,613.0,73.0,75.0
dataset1/basketball_207,208.0,594.0,71.0,72.0
dataset1/basketball_208,208.0,594.0,71.0,72.0
dataset1/basketball_209,210.0,575.0,71.0,70.0
dataset1/basketball_210,210.0,576.0,71.0,69.0
dataset1/basketball_211,210.0,576.0,71.0,69.0
dataset1/basketball_212,210.0,555.0,73.0,71.0
dataset1/basketball_213,210.0,555.0,73.0,71.0
dataset1/basketball_214,206.0,535.0,71.0,71.0
dataset1/basketball_215,206.0,535.0,71.0,73.0
dataset1/basketball_216,206.0,534.0,71.0,74.0
dataset1/basketball_217,203.0,508.0,73.0,77.0
dataset1/basketball_218,204.0,508.0,72.0,76.0
dataset1/basketball_219,202.0,492.0,71.0,73.0
dataset1/basketball_220,202.0,491.0,71.0,73.0
dataset1/basketball_221,202.0,491.0,71.0,73.0
dataset1/basketball_222,200.0,474.0,72.0,72.0
dataset1/basketball_223,200.0,474.0,72.0,71.0
dataset1/basketball_224,198.0,453.0,70.0,70.0
dataset1/basketball_225,199.0,452.0,69.0,69.0
dataset1/basketball_226,199.0,452.0,69.0,68.0
dataset1/basketball_227,197.0,430.0,72.0,71.0
dataset1/basketball_228,198.0,430.0,71.0,71.0
dataset1/basketball_229,198.0,411.0,72.0,70.0
dataset1/basketball_230,197.0,410.0,73.0,70.0
dataset1/basketball_231,197.0,410.0,72.0,69.0
dataset1/basketball_232,195.0,391.0,75.0,73.0
dataset1/basketball_233,195.0,390.0,74.0,72.0
dataset1/basketball_234,197.0,370.0,76.0,73.0
dataset1/basketball_235,195.0,370.0,76.0,74.0
dataset1/basketball_236,195.0,370.0,76.0,75.0
dataset1/basketball_237,200.0,351.0,76.0,73.0
dataset1/basketball_238,200.0,351.0,76.0,72.0
dataset1/basketball_239,207.0,330.0,77.0,72.0
dataset1/basketball_240,207.0,331.0,77.0,72.0
dataset1/basketball_241,207.0,331.0,76.0,72.0
dataset1/basketball_242,216.0,312.0,77.0,72.0
dataset1/basketball_243,216.0,312.0,76.0,72.0
dataset1/basketball_244,223.0,293.0,76.0,71.0
dataset1/basketball_245,223.0,293.0,76.0,71.0
dataset1/basketball_246,223.0,293.0,76.0,71.0
dataset1/basketball_247,227.0,273.0,78.0,72.0
dataset1/basketball_248,225.0,273.0,79.0,73.0
dataset1/basketball_249,230.0,257.0,79.0,73.0
dataset1/basketball_250,227.0,257.0,79.0,73.0
dataset1/basketball_251,227.0,256.0,79.0,72.0
dataset1/basketball_252,228.0,241.0,84.0,75.0
dataset1/basketball_253,225.0,241.0,82.0,72.0
dataset1/basketball_254,221.0,227.0,86.0,76.0
dataset1/basketball_255,221.0,227.0,85.0,75.0
dataset1/basketball_256,220.0,227.0,85.0,75.0
dataset1/basketball_257,216.0,216.0,84.0,76.0
dataset1/basketball_258,215.0,216.0,84.0,77.0
dataset1/basketball_259,211.0,211.0,84.0,83.0
dataset1/basketball_260,210.0,212.0,83.0,83.0
dataset1/basketball_261,210.0,212.0,83.0,84.0
dataset1/basketball_262,205.0,212.0,87.0,90.0
dataset1/basketball_263,204.0,214.0,88.0,91.0
dataset1/basketball_264,200.0,221.0,89.0,94.0
dataset1/basketball_265,200.0,221.0,88.0,93.0
dataset1/basketball_266,200.0,221.0,87.0,92.0
dataset1/basketball_267,195.0,237.0,83.0,87.0
dataset1/basketball_268,195.0,239.0,79.0,83.0
dataset1/basketball_269,191.0,264.0,78.0,82.0
dataset1/basketball_270,190.0,266.0,80.0,82.0
dataset1/basketball_271,190.0,264.0,80.0,82.0
dataset1/basketball_272,194.0,291.0,74.0,77.0
dataset1/basketball_273,195.0,290.0,73.0,78.0
dataset1/basketball_274,204.0,304.0,66.0,70.0
dataset1/basketball_275,205.0,305.0,65.0,69.0
dataset1/basketball_276,205.0,305.0,65.0,68.0
dataset1/basketball_277,210.0,314.0,61.0,68.0
dataset1/basketball_278,210.0,315.0,60.0,67.0
dataset1/basketball_279,216.0,325.0,61.0,71.0
dataset1/basketball_280,216.0,323.0,57.0,66.0
dataset1/basketball_281,216.0,324.0,57.0,66.0
dataset1/basketball_282,222.0,331.0,55.0,66.0
dataset1/basketball_283,223.0,331.0,54.0,66.0
dataset1/basketball_284,228.0,343.0,50.0,61.0
dataset1/basketball_285,228.0,345.0,49.0,61.0
dataset1/basketball_286,229.0,345.0,48.0,60.0
dataset1/basketball_287,233.0,354.0,44.0,52.0
dataset1/basketball_288,232.0,354.0,45.0,52.0
dataset1/basketball_289,239.0,376.0,39.0,43.0
dataset1/basketball_290,239.0,377.0,40.0,43.0
dataset1/basketball_291,239.0,376.0,40.0,42.0
dataset1/basketball_292,241.0,393.0,32.0,33.0
dataset1/basketball_293,243.0,398.0,28.0,31.0
dataset1/basketball_294,244.0,424.0,28.0,32.0
dataset1/basketball_295,243.0,435.0,33.0,46.0
dataset1/basketball_296,245.0,448.0,31.0,45.0
dataset1/basketball_297,245.0,470.0,25.0,48.0
dataset1/basketball_298,247.0,469.0,24.0,55.0
dataset1/basketball_299,248.0,493.0,20.0,51.0
dataset1/basketball_300,250.0,493.0,18.0,50.0
dataset1/basketball_301,251.0,493.0,17.0,51.0
dataset1/basketball_302,0.0,0.0,0.0,0.0
dataset1/basketball_303,0.0,0.0,0.0,0.0
dataset1/basketball_304,0.0,0.0,0.0,0.0
dataset1/basketball_305,0.0,0.0,0.0,0.0
dataset1/basketball_306,0.0,0.0,0.0,0.0
dataset1/basketball_307,0.0,0.0,0.0,0.0
dataset1/basketball_308,0.0,0.0,0.0,0.0
dataset1/basketball_309,0.0,0.0,0.0,0.0
dataset1/basketball_310,0.0,0.0,0.0,0.0
dataset1/basketball_311,0.0,0.0,0.0,0.0
dataset1/basketball_312,0.0,0.0,0.0,0.0
dataset1/basketball_313,0.0,0.0,0.0,0.0
dataset1/basketball_314,0.0,0.0,0.0,0.0
dataset1/basketball_315,0.0,0.0,0.0,0.0
dataset1/basketball_316,0.0,0.0,0.0,0.0
dataset1/basketball_317,0.0,0.0,0.0,0.0
dataset1/basketball_318,0.0,0.0,0.0,0.0
dataset1/basketball_319,0.0,0.0,0.0,0.0
dataset1/basketball_320,0.0,0.0,0.0,0.0
dataset1/basketball_321,0.0,0.0,0.0,0.0
dataset1/basketball_322,0.0,0.0,0.0,0.0
dataset1/basketball_323,0.0,0.0,0.0,0.0
dataset1/basketball_2_0,2292.0,761.0,71.0,64.0
dataset1/basketball_2_1,2248.0,788.0,72.0,64.0
dataset1/basketball_2_2,2196.0,824.0,68.0,62.0
dataset1/basketball_2_3,2148.0,860.0,64.0,60.0
dataset1/basketball_2_4,2098.0,896.0,64.0,60.0
dataset1/basketball_2_5,2056.0,938.0,60.0,62.0
dataset1/basketball_2_6,2018.0,950.0,62.0,62.0
dataset1/basketball_2_7,2014.0,920.0,64.0,62.0
dataset1/basketball_2_8,2008.0,888.0,64.0,64.0
dataset1/basketball_2_9,1998.0,860.0,62.0,60.0
dataset1/basketball_2_10,1990.0,834.0,62.0,60.0
dataset1/basketball_2_11,1978.0,808.0,64.0,60.0
dataset1/basketball_2_12,1968.0,782.0,66.0,62.0
dataset1/basketball_2_13,1950.0,766.0,66.0,62.0
dataset1/basketball_2_14,1930.0,756.0,68.0,64.0
dataset1/basketball_2_15,1910.0,748.0,68.0,64.0
dataset1/basketball_2_16,1890.0,742.0,70.0,66.0
dataset1/basketball_2_17,1870.0,740.0,70.0,66.0
dataset1/basketball_2_18,1850.0,740.0,70.0,68.0
dataset1/basketball_2_19,1830.0,744.0,70.0,68.0
dataset1/basketball_2_20,1806.0,752.0,70.0,66.0
dataset1/basketball_2_21,1784.0,768.0,74.0,70.0
dataset1/basketball_2_22,1754.0,784.0,70.0,70.0
dataset1/basketball_2_23,1728.0,812.0,68.0,68.0
dataset1/basketball_2_24,1698.0,844.0,68.0,68.0
dataset1/basketball_2_25,1668.0,880.0,66.0,66.0
dataset1/basketball_2_26,1642.0,916.0,70.0,68.0
dataset1/basketball_2_27,1628.0,954.0,64.0,64.0
dataset1/basketball_2_28,1620.0,970.0,64.0,64.0
dataset1/basketball_2_29,1644.0,1028.0,56.0,56.0
dataset1/basketball_2_30,1654.0,1040.0,56.0,54.0
dataset1/basketball_2_31,1656.0,1042.0,52.0,48.0
dataset1/basketball_2_32,1636.0,1050.0,48.0,44.0
dataset1/basketball_2_33,1598.0,1066.0,46.0,42.0
dataset1/basketball_2_34,1546.0,1042.0,60.0,66.0
dataset1/basketball_2_35,1460.0,1038.0,78.0,82.0
dataset1/basketball_2_36,1424.0,1024.0,80.0,82.0
dataset1/basketball_2_37,1392.0,994.0,76.0,74.0
dataset1/basketball_2_38,1370.0,962.0,76.0,72.0
dataset1/basketball_2_39,1348.0,926.0,82.0,76.0
dataset1/basketball_2_40,1322.0,896.0,86.0,80.0
dataset1/basketball_2_41,1284.0,878.0,88.0,80.0
dataset1/basketball_2_42,1238.0,876.0,90.0,82.0
dataset1/basketball_2_43,1188.0,890.0,90.0,82.0
dataset1/basketball_2_44,1134.0,912.0,92.0,84.0
dataset1/basketball_2_45,1088.0,936.0,94.0,90.0
dataset1/basketball_2_46,1044.0,964.0,94.0,94.0
dataset1/basketball_2_47,1006.0,984.0,96.0,96.0
dataset1/basketball_2_48,972.0,996.0,98.0,98.0
dataset1/basketball_2_49,944.0,994.0,102.0,100.0
dataset1/basketball_2_50,916.0,980.0,102.0,100.0
dataset1/basketball_2_51,892.0,950.0,104.0,102.0
dataset1/basketball_2_52,872.0,906.0,104.0,102.0
dataset1/basketball_2_53,856.0,848.0,104.0,102.0
dataset1/basketball_2_54,850.0,788.0,104.0,102.0
dataset1/basketball_2_55,842.0,732.0,104.0,100.0
dataset1/basketball_2_56,826.0,690.0,108.0,100.0
dataset1/basketball_2_57,810.0,650.0,110.0,104.0
dataset1/basketball_2_58,802.0,626.0,110.0,104.0
dataset1/basketball_2_59,816.0,612.0,108.0,102.0
dataset1/basketball_2_60,830.0,602.0,108.0,98.0
dataset1/basketball_2_61,848.0,594.0,104.0,88.0
dataset1/basketball_2_62,860.0,594.0,104.0,88.0
dataset1/basketball_2_63,878.0,596.0,104.0,94.0
dataset1/basketball_2_64,898.0,604.0,100.0,98.0
dataset1/basketball_2_65,912.0,610.0,102.0,102.0
dataset1/basketball_2_66,924.0,624.0,106.0,104.0
dataset1/basketball_2_67,944.0,636.0,104.0,102.0
dataset1/basketball_2_68,970.0,662.0,104.0,100.0
dataset1/basketball_2_69,986.0,680.0,94.0,92.0
dataset1/basketball_2_70,1000.0,708.0,98.0,94.0
dataset1/basketball_2_71,1016.0,734.0,96.0,90.0
dataset1/basketball_2_72,1026.0,748.0,98.0,94.0
dataset1/basketball_2_73,1038.0,768.0,100.0,98.0
dataset1/basketball_2_74,1052.0,800.0,96.0,92.0
dataset1/basketball_2_75,1068.0,828.0,92.0,88.0
dataset1/basketball_2_76,1080.0,860.0,92.0,88.0
dataset1/basketball_2_77,1092.0,892.0,92.0,90.0
dataset1/basketball_2_78,1106.0,924.0,92.0,90.0
dataset1/basketball_2_79,1120.0,960.0,90.0,88.0
dataset1/basketball_2_80,1132.0,1000.0,88.0,88.0
dataset1/basketball_2_81,1146.0,1040.0,84.0,84.0
dataset1/basketball_2_82,1158.0,1076.0,82.0,86.0
dataset1/basketball_2_83,1172.0,1114.0,82.0,86.0
dataset1/basketball_2_84,1184.0,1156.0,82.0,86.0
dataset1/basketball_2_85,1198.0,1200.0,78.0,82.0
dataset1/basketball_2_86,1212.0,1244.0,74.0,78.0
dataset1/basketball_2_87,1222.0,1284.0,76.0,80.0
dataset1/basketball_2_88,1220.0,1278.0,76.0,80.0
dataset1/basketball_2_89,1212.0,1244.0,78.0,80.0
dataset1/basketball_2_90,1206.0,1212.0,80.0,82.0
dataset1/basketball_2_91,1198.0,1182.0,82.0,82.0
dataset1/basketball_2_92,1192.0,1152.0,82.0,82.0
dataset1/basketball_2_93,1186.0,1122.0,84.0,84.0
dataset1/basketball_2_94,1180.0,1094.0,84.0,86.0
dataset1/basketball_2_95,1174.0,1068.0,86.0,88.0
dataset1/basketball_2_96,1168.0,1046.0,86.0,88.0
dataset1/basketball_2_97,1164.0,1024.0,88.0,88.0
dataset1/basketball_2_98,1158.0,1004.0,90.0,88.0
dataset1/basketball_2_99,1152.0,988.0,92.0,88.0
dataset1/basketball_2_100,1146.0,974.0,92.0,88.0
dataset1/basketball_2_101,1142.0,958.0,94.0,94.0
dataset1/basketball_2_102,1134.0,946.0,94.0,96.0
dataset1/basketball_2_103,1130.0,938.0,96.0,96.0
dataset1/basketball_2_104,1126.0,934.0,96.0,96.0
dataset1/basketball_2_105,1122.0,932.0,96.0,96.0
dataset1/basketball_2_106,1120.0,932.0,96.0,96.0
dataset1/basketball_2_107,1116.0,938.0,96.0,96.0
dataset1/basketball_2_108,1112.0,944.0,96.0,96.0
dataset1/basketball_2_109,1110.0,954.0,96.0,96.0
dataset1/basketball_2_110,1108.0,966.0,96.0,96.0
dataset1/basketball_2_111,1106.0,980.0,96.0,98.0
dataset1/basketball_2_112,1102.0,998.0,94.0,98.0
dataset1/basketball_2_113,1102.0,1018.0,94.0,98.0
dataset1/basketball_2_114,1100.0,1040.0,94.0,98.0
dataset1/basketball_2_115,1096.0,1066.0,94.0,98.0
dataset1/basketball_2_116,1098.0,1094.0,92.0,98.0
dataset1/basketball_2_117,1096.0,1126.0,90.0,96.0
dataset1/basketball_2_118,1096.0,1158.0,90.0,96.0
dataset1/basketball_2_119,1096.0,1192.0,90.0,96.0
dataset1/basketball_2_120,1096.0,1228.0,88.0,94.0
dataset1/basketball_2_121,1098.0,1264.0,88.0,94.0
dataset1/basketball_2_122,1100.0,1302.0,86.0,94.0
dataset1/basketball_2_123,1102.0,1340.0,86.0,92.0
dataset1/basketball_2_124,1106.0,1364.0,80.0,76.0
dataset1/basketball_2_125,1100.0,1336.0,90.0,90.0
dataset1/basketball_2_126,1100.0,1310.0,88.0,92.0
dataset1/basketball_2_127,1100.0,1284.0,88.0,94.0
dataset1/basketball_2_128,1102.0,1260.0,90.0,94.0
dataset1/basketball_2_129,1102.0,1236.0,92.0,96.0
dataset1/basketball_2_130,1104.0,1216.0,92.0,96.0
dataset1/basketball_2_131,1106.0,1198.0,92.0,96.0
dataset1/basketball_2_132,1108.0,1182.0,92.0,96.0
dataset1/basketball_2_133,1112.0,1166.0,94.0,98.0
dataset1/basketball_2_134,1114.0,1152.0,94.0,100.0
dataset1/basketball_2_135,1118.0,1140.0,94.0,102.0
dataset1/basketball_2_136,1124.0,1136.0,94.0,102.0
dataset1/basketball_2_137,1128.0,1130.0,94.0,102.0
dataset1/basketball_2_138,1132.0,1132.0,94.0,100.0
dataset1/basketball_2_139,1136.0,1132.0,96.0,102.0
dataset1/basketball_2_140,1142.0,1136.0,96.0,102.0
dataset1/basketball_2_141,1146.0,1144.0,96.0,102.0
dataset1/basketball_2_142,1152.0,1152.0,96.0,102.0
dataset1/basketball_2_143,1158.0,1166.0,96.0,102.0
dataset1/basketball_2_144,1164.0,1182.0,94.0,102.0
dataset1/basketball_2_145,1170.0,1204.0,96.0,104.0
dataset1/basketball_2_146,1176.0,1228.0,94.0,104.0
dataset1/basketball_2_147,1184.0,1252.0,94.0,104.0
dataset1/basketball_2_148,1192.0,1280.0,92.0,104.0
dataset1/basketball_2_149,1198.0,1312.0,92.0,104.0
dataset1/basketball_2_150,1208.0,1346.0,88.0,94.0
dataset1/basketball_2_151,1222.0,1378.0,72.0,62.0
dataset1/basketball_2_152,1234.0,1396.0,60.0,44.0
dataset1/basketball_2_153,0.0,0.0,0.0,0.0
dataset1/basketball_2_154,0.0,0.0,0.0,0.0
dataset1/basketball_2_155,0.0,0.0,0.0,0.0
dataset1/basketball_2_156,0.0,0.0,0.0,0.0
dataset1/basketball_2_157,0.0,0.0,0.0,0.0
dataset1/basketball_2_158,0.0,0.0,0.0,0.0
dataset1/basketball_2_159,0.0,0.0,0.0,0.0
dataset1/basketball_2_160,0.0,0.0,0.0,0.0
dataset1/basketball_2_161,0.0,0.0,0.0,0.0
dataset1/basketball_2_162,0.0,0.0,0.0,0.0
dataset1/basketball_2_163,0.0,0.0,0.0,0.0
dataset1/basketball_2_164,1274.0,1342.0,86.0,88.0
dataset1/basketball_2_165,1278.0,1332.0,100.0,106.0
dataset1/basketball_2_166,1284.0,1336.0,100.0,104.0
dataset1/basketball_2_167,1290.0,1340.0,100.0,100.0
dataset1/basketball_2_168,1298.0,1346.0,98.0,94.0
dataset1/basketball_2_169,1306.0,1352.0,96.0,88.0
dataset1/basketball_2_170,1312.0,1364.0,94.0,76.0
dataset1/basketball_2_171,1320.0,1378.0,88.0,62.0
dataset1/basketball_2_172,1332.0,1396.0,80.0,44.0
dataset1/basketball_2_173,1344.0,1414.0,64.0,26.0
dataset1/basketball_2_174,0.0,0.0,0.0,0.0
dataset1/basketball_2_175,0.0,0.0,0.0,0.0
dataset1/basketball_2_176,0.0,0.0,0.0,0.0
dataset1/basketball_2_177,0.0,0.0,0.0,0.0
dataset1/basketball_2_178,0.0,0.0,0.0,0.0
dataset1/basketball_2_179,0.0,0.0,0.0,0.0
dataset1/basketball_2_180,0.0,0.0,0.0,0.0
dataset1/basketball_2_181,0.0,0.0,0.0,0.0
dataset1/basketball_2_182,0.0,0.0,0.0,0.0
dataset1/basketball_2_183,0.0,0.0,0.0,0.0
dataset1/basketball_3_0,1327.0,91.0,33.0,33.0
dataset1/basketball_3_1,1330.0,92.0,32.0,32.0
dataset1/basketball_3_2,1332.0,94.0,32.0,34.0
dataset1/basketball_3_3,1334.0,94.0,32.0,34.0
dataset1/basketball_3_4,1334.0,94.0,32.0,34.0
dataset1/basketball_3_5,1334.0,94.0,32.0,34.0
dataset1/basketball_3_6,1334.0,94.0,32.0,34.0
dataset1/basketball_3_7,1332.0,98.0,32.0,32.0
dataset1/basketball_3_8,1332.0,100.0,34.0,32.0
dataset1/basketball_3_9,1332.0,106.0,36.0,34.0
dataset1/basketball_3_10,1334.0,112.0,36.0,34.0
dataset1/basketball_3_11,1336.0,120.0,36.0,36.0
dataset1/basketball_3_12,1338.0,130.0,36.0,38.0
dataset1/basketball_3_13,1342.0,142.0,36.0,38.0
dataset1/basketball_3_14,1344.0,156.0,34.0,38.0
dataset1/basketball_3_15,1346.0,174.0,32.0,38.0
dataset1/basketball_3_16,1346.0,200.0,32.0,38.0
dataset1/basketball_3_17,1346.0,236.0,30.0,36.0
dataset1/basketball_3_18,1344.0,270.0,32.0,38.0
dataset1/basketball_3_19,1340.0,306.0,32.0,36.0
dataset1/basketball_3_20,1338.0,342.0,32.0,34.0
dataset1/basketball_3_21,1336.0,350.0,34.0,36.0
dataset1/basketball_3_22,1336.0,332.0,34.0,36.0
dataset1/basketball_3_23,1336.0,316.0,34.0,36.0
dataset1/basketball_3_24,1332.0,300.0,36.0,38.0
dataset1/basketball_3_25,1332.0,284.0,36.0,38.0
dataset1/basketball_3_26,1328.0,274.0,36.0,36.0
dataset1/basketball_3_27,1324.0,264.0,36.0,38.0
dataset1/basketball_3_28,1326.0,262.0,36.0,36.0
dataset1/basketball_3_29,1326.0,260.0,38.0,36.0
dataset1/basketball_3_30,1328.0,258.0,40.0,38.0
dataset1/basketball_3_31,1332.0,260.0,40.0,38.0
dataset1/basketball_3_32,1334.0,262.0,40.0,36.0
dataset1/basketball_3_33,1342.0,268.0,40.0,36.0
dataset1/basketball_3_34,1350.0,280.0,38.0,36.0
dataset1/basketball_3_35,1358.0,288.0,36.0,38.0
dataset1/basketball_3_36,1366.0,300.0,36.0,38.0
dataset1/basketball_3_37,1374.0,318.0,36.0,40.0
dataset1/basketball_3_38,1380.0,336.0,34.0,40.0
dataset1/basketball_3_39,1386.0,358.0,34.0,40.0
dataset1/basketball_3_40,1388.0,388.0,32.0,38.0
dataset1/basketball_3_41,1386.0,426.0,34.0,38.0
dataset1/basketball_3_42,1378.0,462.0,36.0,38.0
dataset1/basketball_3_43,1370.0,500.0,36.0,38.0
dataset1/basketball_3_44,1362.0,536.0,36.0,38.0
dataset1/basketball_3_45,1356.0,562.0,36.0,36.0
dataset1/basketball_3_46,1352.0,546.0,38.0,38.0
dataset1/basketball_3_47,1350.0,530.0,38.0,38.0
dataset1/basketball_3_48,1346.0,514.0,40.0,38.0
dataset1/basketball_3_49,1340.0,496.0,40.0,40.0
dataset1/basketball_3_50,1336.0,476.0,40.0,42.0
dataset1/basketball_3_51,1330.0,464.0,36.0,38.0
dataset1/basketball_3_52,1326.0,452.0,38.0,40.0
dataset1/basketball_3_53,1324.0,446.0,40.0,42.0
dataset1/basketball_3_54,1322.0,444.0,40.0,42.0
dataset1/basketball_3_55,1322.0,444.0,40.0,42.0
dataset1/basketball_3_56,1326.0,446.0,40.0,42.0
dataset1/basketball_3_57,1328.0,452.0,42.0,42.0
dataset1/basketball_3_58,1332.0,460.0,42.0,42.0
dataset1/basketball_3_59,1336.0,470.0,42.0,40.0
dataset1/basketball_3_60,1340.0,482.0,44.0,40.0
dataset1/basketball_3_61,1346.0,494.0,44.0,40.0
dataset1/basketball_3_62,1354.0,508.0,46.0,44.0
dataset1/basketball_3_63,1366.0,516.0,44.0,44.0
dataset1/basketball_3_64,1382.0,520.0,40.0,40.0
dataset1/basketball_3_65,1394.0,520.0,40.0,40.0
dataset1/basketball_3_66,1402.0,514.0,44.0,44.0
dataset1/basketball_3_67,1410.0,510.0,42.0,42.0
dataset1/basketball_3_68,1414.0,510.0,40.0,40.0
dataset1/basketball_3_69,1418.0,516.0,42.0,42.0
dataset1/basketball_3_70,1416.0,526.0,42.0,42.0
dataset1/basketball_3_71,1414.0,534.0,44.0,44.0
dataset1/basketball_3_72,1404.0,532.0,46.0,44.0
dataset1/basketball_3_73,1398.0,518.0,46.0,42.0
dataset1/basketball_3_74,1384.0,496.0,46.0,42.0
dataset1/basketball_3_75,1376.0,470.0,44.0,42.0
dataset1/basketball_3_76,1372.0,452.0,42.0,38.0
dataset1/basketball_3_77,1362.0,438.0,44.0,40.0
dataset1/basketball_3_78,1356.0,430.0,46.0,42.0
dataset1/basketball_3_79,1348.0,424.0,50.0,48.0
dataset1/basketball_3_80,1342.0,424.0,48.0,48.0
dataset1/basketball_3_81,1340.0,434.0,50.0,50.0
dataset1/basketball_3_82,1336.0,446.0,50.0,50.0
dataset1/basketball_3_83,1334.0,454.0,52.0,52.0
dataset1/basketball_3_84,1332.0,466.0,52.0,54.0
dataset1/basketball_3_85,1332.0,474.0,56.0,56.0
dataset1/basketball_3_86,1330.0,478.0,56.0,54.0
dataset1/basketball_3_87,1328.0,478.0,56.0,54.0
dataset1/basketball_3_88,1328.0,476.0,54.0,52.0
dataset1/basketball_3_89,1328.0,462.0,56.0,54.0
dataset1/basketball_3_90,1328.0,450.0,60.0,56.0
dataset1/basketball_3_91,1328.0,436.0,60.0,56.0
dataset1/basketball_3_92,1330.0,424.0,58.0,56.0
dataset1/basketball_3_93,1330.0,412.0,56.0,56.0
dataset1/basketball_3_94,1332.0,404.0,56.0,58.0
dataset1/basketball_3_95,1332.0,394.0,60.0,60.0
dataset1/basketball_3_96,1332.0,388.0,62.0,62.0
dataset1/basketball_3_97,1332.0,384.0,60.0,60.0
dataset1/basketball_3_98,1334.0,382.0,60.0,58.0
dataset1/basketball_3_99,1332.0,380.0,60.0,60.0
dataset1/basketball_3_100,1334.0,380.0,60.0,58.0
dataset1/basketball_3_101,1334.0,380.0,60.0,56.0
dataset1/basketball_3_102,1338.0,382.0,56.0,48.0
dataset1/basketball_3_103,1342.0,388.0,48.0,36.0
dataset1/basketball_3_104,1354.0,404.0,38.0,34.0
dataset1/basketball_3_105,1350.0,404.0,44.0,42.0
dataset1/basketball_3_106,1350.0,400.0,48.0,48.0
dataset1/basketball_3_107,1344.0,404.0,56.0,62.0
dataset1/basketball_3_108,1354.0,406.0,48.0,60.0
dataset1/basketball_3_109,1362.0,392.0,46.0,58.0
dataset1/basketball_3_110,1370.0,376.0,50.0,58.0
dataset1/basketball_3_111,1374.0,364.0,50.0,54.0
dataset1/basketball_3_112,1386.0,358.0,44.0,48.0
dataset1/basketball_3_113,1398.0,346.0,42.0,44.0
dataset1/basketball_3_114,1406.0,330.0,42.0,42.0
dataset1/basketball_3_115,1408.0,318.0,40.0,38.0
dataset1/basketball_3_116,1414.0,306.0,38.0,36.0
dataset1/basketball_3_117,1414.0,294.0,40.0,36.0
dataset1/basketball_3_118,1408.0,284.0,46.0,40.0
dataset1/basketball_3_119,1408.0,276.0,46.0,40.0
dataset1/basketball_3_120,1408.0,266.0,46.0,38.0
dataset1/basketball_3_121,1408.0,254.0,46.0,38.0
dataset1/basketball_3_122,1410.0,246.0,44.0,40.0
dataset1/basketball_3_123,1418.0,258.0,36.0,32.0
dataset1/basketball_3_124,1420.0,252.0,28.0,26.0
dataset1/basketball_3_125,0.0,0.0,0.0,0.0
dataset1/basketball_3_126,0.0,0.0,0.0,0.0
dataset1/basketball_3_127,0.0,0.0,0.0,0.0
dataset1/basketball_3_128,0.0,0.0,0.0,0.0
dataset1/basketball_3_129,0.0,0.0,0.0,0.0
dataset1/basketball_3_130,0.0,0.0,0.0,0.0
dataset1/basketball_3_131,0.0,0.0,0.0,0.0
dataset1/basketball_3_132,0.0,0.0,0.0,0.0
dataset1/basketball_3_133,0.0,0.0,0.0,0.0
dataset1/basketball_3_134,0.0,0.0,0.0,0.0
dataset1/basketball_3_135,0.0,0.0,0.0,0.0
dataset1/basketball_3_136,0.0,0.0,0.0,0.0
dataset1/basketball_3_137,0.0,0.0,0.0,0.0
dataset1/basketball_3_138,0.0,0.0,0.0,0.0
dataset1/basketball_3_139,0.0,0.0,0.0,0.0
dataset1/basketball_3_140,0.0,0.0,0.0,0.0
dataset1/basketball_3_141,0.0,0.0,0.0,0.0
dataset1/basketball_3_142,0.0,0.0,0.0,0.0
dataset1/basketball_3_143,0.0,0.0,0.0,0.0
dataset1/basketball_3_144,0.0,0.0,0.0,0.0
dataset1/basketball_3_145,0.0,0.0,0.0,0.0
dataset1/basketball_3_146,0.0,0.0,0.0,0.0
dataset1/basketball_3_147,0.0,0.0,0.0,0.0
dataset1/basketball_3_148,0.0,0.0,0.0,0.0
dataset1/basketball_3_149,0.0,0.0,0.0,0.0
dataset1/basketball_3_150,0.0,0.0,0.0,0.0
dataset1/basketball_3_151,0.0,0.0,0.0,0.0
dataset1/basketball_3_152,0.0,0.0,0.0,0.0
dataset1/basketball_3_153,0.0,0.0,0.0,0.0
dataset1/basketball_3_154,0.0,0.0,0.0,0.0
dataset1/basketball_3_155,0.0,0.0,0.0,0.0
dataset1/basketball_3_156,0.0,0.0,0.0,0.0
dataset1/basketball_3_157,0.0,0.0,0.0,0.0
dataset1/basketball_3_158,0.0,0.0,0.0,0.0
dataset1/basketball_3_159,0.0,0.0,0.0,0.0
dataset1/basketball_3_160,0.0,0.0,0.0,0.0
dataset1/basketball_3_161,0.0,0.0,0.0,0.0
dataset1/basketball_3_162,0.0,0.0,0.0,0.0
dataset1/basketball_3_163,0.0,0.0,0.0,0.0
dataset1/basketball_3_164,0.0,0.0,0.0,0.0
dataset1/basketball_3_165,0.0,0.0,0.0,0.0
dataset1/basketball_3_166,0.0,0.0,0.0,0.0
dataset1/basketball_3_167,0.0,0.0,0.0,0.0
dataset1/basketball_3_168,0.0,0.0,0.0,0.0
dataset1/basketball_3_169,0.0,0.0,0.0,0.0
dataset1/basketball_3_170,0.0,0.0,0.0,0.0
dataset1/basketball_3_171,0.0,0.0,0.0,0.0
dataset1/basketball_3_172,0.0,0.0,0.0,0.0
dataset1/basketball_3_173,0.0,0.0,0.0,0.0
dataset1/basketball_3_174,0.0,0.0,0.0,0.0
dataset1/basketball_3_175,0.0,0.0,0.0,0.0
dataset1/basketball_3_176,0.0,0.0,0.0,0.0
dataset1/basketball_3_177,0.0,0.0,0.0,0.0
dataset1/basketball_3_178,0.0,0.0,0.0,0.0
dataset1/basketball_3_179,0.0,0.0,0.0,0.0
dataset1/basketball_3_180,0.0,0.0,0.0,0.0
dataset1/cows_0,1354.0,3074.0,62.0,214.0
dataset1/cows_1,1350.0,3066.0,66.0,216.0
dataset1/cows_2,1347.0,3057.0,66.0,219.0
dataset1/cows_3,1347.0,3051.0,66.0,219.0
dataset1/cows_4,1344.0,3042.0,66.0,219.0
dataset1/cows_5,1344.0,3033.0,66.0,222.0
dataset1/cows_6,1344.0,3027.0,66.0,219.0
dataset1/cows_7,1341.0,3018.0,66.0,219.0
dataset1/cows_8,1341.0,3009.0,66.0,219.0
dataset1/cows_9,1341.0,3000.0,66.0,216.0
dataset1/cows_10,1341.0,2994.0,66.0,213.0
dataset1/cows_11,1338.0,2985.0,66.0,210.0
dataset1/cows_12,1338.0,2976.0,66.0,207.0
dataset1/cows_13,1338.0,2970.0,66.0,207.0
dataset1/cows_14,1338.0,2961.0,66.0,204.0
dataset1/cows_15,1338.0,2952.0,66.0,198.0
dataset1/cows_16,1338.0,2946.0,66.0,195.0
dataset1/cows_17,1335.0,2937.0,66.0,195.0
dataset1/cows_18,1335.0,2928.0,66.0,192.0
dataset1/cows_19,1335.0,2919.0,66.0,192.0
dataset1/cows_20,1335.0,2913.0,63.0,189.0
dataset1/cows_21,1335.0,2904.0,66.0,195.0
dataset1/cows_22,1332.0,2895.0,66.0,195.0
dataset1/cows_23,1332.0,2889.0,66.0,195.0
dataset1/cows_24,1332.0,2880.0,66.0,195.0
dataset1/cows_25,1332.0,2871.0,66.0,195.0
dataset1/cows_26,1332.0,2862.0,63.0,195.0
dataset1/cows_27,1332.0,2856.0,63.0,198.0
dataset1/cows_28,1332.0,2847.0,63.0,198.0
dataset1/cows_29,1332.0,2841.0,63.0,198.0
dataset1/cows_30,1332.0,2832.0,63.0,198.0
dataset1/cows_31,1332.0,2823.0,63.0,195.0
dataset1/cows_32,1332.0,2817.0,63.0,195.0
dataset1/cows_33,1332.0,2808.0,63.0,195.0
dataset1/cows_34,1332.0,2802.0,63.0,195.0
dataset1/cows_35,1332.0,2793.0,63.0,195.0
dataset1/cows_36,1332.0,2787.0,66.0,195.0
dataset1/cows_37,1329.0,2778.0,66.0,192.0
dataset1/cows_38,1329.0,2772.0,66.0,195.0
dataset1/cows_39,1329.0,2763.0,66.0,195.0
dataset1/cows_40,1329.0,2757.0,66.0,195.0
dataset1/cows_41,1329.0,2751.0,66.0,192.0
dataset1/cows_42,1329.0,2745.0,66.0,192.0
dataset1/cows_43,1329.0,2736.0,63.0,192.0
dataset1/cows_44,1329.0,2727.0,63.0,195.0
dataset1/cows_45,1326.0,2721.0,63.0,195.0
dataset1/cows_46,1326.0,2712.0,63.0,195.0
dataset1/cows_47,1326.0,2703.0,63.0,195.0
dataset1/cows_48,1326.0,2697.0,63.0,198.0
dataset1/cows_49,1323.0,2688.0,63.0,198.0
dataset1/cows_50,1323.0,2682.0,63.0,198.0
dataset1/cows_51,1323.0,2673.0,63.0,198.0
dataset1/cows_52,1323.0,2664.0,63.0,198.0
dataset1/cows_53,1320.0,2658.0,63.0,198.0
dataset1/cows_54,1320.0,2649.0,63.0,198.0
dataset1/cows_55,1320.0,2643.0,60.0,195.0
dataset1/cows_56,1320.0,2634.0,60.0,192.0
dataset1/cows_57,1320.0,2628.0,60.0,189.0
dataset1/cows_58,1320.0,2619.0,60.0,189.0
dataset1/cows_59,1320.0,2610.0,60.0,186.0
dataset1/cows_60,1317.0,2604.0,60.0,186.0
dataset1/cows_61,1317.0,2598.0,60.0,186.0
dataset1/cows_62,1317.0,2589.0,60.0,186.0
dataset1/cows_63,1317.0,2583.0,60.0,186.0
dataset1/cows_64,1317.0,2574.0,60.0,183.0
dataset1/cows_65,1317.0,2568.0,60.0,183.0
dataset1/cows_66,1317.0,2562.0,60.0,183.0
dataset1/cows_67,1317.0,2553.0,60.0,183.0
dataset1/cows_68,1314.0,2547.0,60.0,183.0
dataset1/cows_69,1314.0,2538.0,60.0,186.0
dataset1/cows_70,1314.0,2532.0,60.0,186.0
dataset1/cows_71,1317.0,2523.0,60.0,186.0
dataset1/cows_72,1314.0,2517.0,60.0,186.0
dataset1/cows_73,1314.0,2511.0,60.0,186.0
dataset1/cows_74,1314.0,2502.0,60.0,186.0
dataset1/cows_75,1314.0,2496.0,60.0,186.0
dataset1/cows_76,1314.0,2490.0,63.0,186.0
dataset1/cows_77,1314.0,2484.0,63.0,183.0
dataset1/cows_78,1314.0,2475.0,63.0,183.0
dataset1/cows_79,1314.0,2469.0,63.0,183.0
dataset1/cows_80,1314.0,2463.0,63.0,183.0
dataset1/cows_81,1311.0,2454.0,63.0,180.0
dataset1/cows_82,1311.0,2448.0,66.0,180.0
dataset1/cows_83,1308.0,2442.0,66.0,180.0
dataset1/cows_84,1308.0,2430.0,66.0,183.0
dataset1/cows_85,1308.0,2427.0,66.0,183.0
dataset1/cows_86,1308.0,2418.0,66.0,183.0
dataset1/cows_87,1308.0,2412.0,66.0,183.0
dataset1/cows_88,1305.0,2406.0,66.0,183.0
dataset1/cows_89,1305.0,2400.0,66.0,183.0
dataset1/cows_90,1305.0,2391.0,66.0,186.0
dataset1/cows_91,1305.0,2385.0,66.0,183.0
dataset1/cows_92,1302.0,2379.0,66.0,183.0
dataset1/cows_93,1302.0,2373.0,63.0,183.0
dataset1/cows_94,1302.0,2364.0,63.0,186.0
dataset1/cows_95,1302.0,2358.0,63.0,186.0
dataset1/cows_96,1302.0,2352.0,63.0,186.0
dataset1/cows_97,1299.0,2346.0,63.0,186.0
dataset1/cows_98,1299.0,2340.0,63.0,186.0
dataset1/cows_99,1299.0,2334.0,63.0,186.0
dataset1/cows_100,1296.0,2328.0,60.0,186.0
dataset1/cows_101,1299.0,2319.0,60.0,183.0
dataset1/cows_102,1296.0,2313.0,60.0,183.0
dataset1/cows_103,1296.0,2307.0,60.0,177.0
dataset1/cows_104,1296.0,2301.0,60.0,177.0
dataset1/cows_105,1293.0,2295.0,60.0,177.0
dataset1/cows_106,1293.0,2289.0,60.0,174.0
dataset1/cows_107,1293.0,2280.0,60.0,171.0
dataset1/cows_108,1290.0,2274.0,60.0,171.0
dataset1/cows_109,1293.0,2268.0,60.0,168.0
dataset1/cows_110,1290.0,2265.0,60.0,168.0
dataset1/cows_111,1290.0,2256.0,60.0,168.0
dataset1/cows_112,1290.0,2250.0,60.0,165.0
dataset1/cows_113,1287.0,2247.0,60.0,165.0
dataset1/cows_114,1287.0,2238.0,60.0,168.0
dataset1/cows_115,1287.0,2232.0,60.0,168.0
dataset1/cows_116,1287.0,2223.0,60.0,171.0
dataset1/cows_117,1287.0,2217.0,60.0,171.0
dataset1/cows_118,1287.0,2211.0,60.0,171.0
dataset1/cows_119,1287.0,2205.0,60.0,168.0
dataset1/cows_120,1287.0,2199.0,60.0,168.0
dataset1/cows_121,1287.0,2193.0,60.0,168.0
dataset1/cows_122,1287.0,2187.0,60.0,168.0
dataset1/cows_123,1290.0,2181.0,60.0,165.0
dataset1/cows_124,1287.0,2172.0,60.0,168.0
dataset1/cows_125,1290.0,2169.0,60.0,165.0
dataset1/cows_126,1287.0,2163.0,60.0,168.0
dataset1/cows_127,1290.0,2157.0,60.0,165.0
dataset1/cows_128,1287.0,2148.0,60.0,168.0
dataset1/cows_129,1287.0,2142.0,60.0,165.0
dataset1/cows_130,1287.0,2136.0,60.0,165.0
dataset1/cows_131,1287.0,2130.0,60.0,165.0
dataset1/cows_132,1287.0,2124.0,60.0,168.0
dataset1/cows_133,1287.0,2115.0,60.0,168.0
dataset1/cows_134,1287.0,2109.0,60.0,168.0
dataset1/cows_135,1287.0,2103.0,60.0,168.0
dataset1/cows_136,1287.0,2094.0,60.0,168.0
dataset1/cows_137,1284.0,2088.0,60.0,168.0
dataset1/cows_138,1284.0,2085.0,60.0,168.0
dataset1/cows_139,1284.0,2079.0,60.0,168.0
dataset1/cows_140,1284.0,2070.0,57.0,168.0
dataset1/cows_141,1281.0,2064.0,57.0,171.0
dataset1/cows_142,1281.0,2058.0,57.0,171.0
dataset1/cows_143,1281.0,2052.0,57.0,174.0
dataset1/cows_144,1281.0,2043.0,57.0,174.0
dataset1/cows_145,1278.0,2037.0,57.0,174.0
dataset1/cows_146,1278.0,2031.0,57.0,174.0
dataset1/cows_147,1275.0,2025.0,57.0,171.0
dataset1/cows_148,1275.0,2019.0,57.0,168.0
dataset1/cows_149,1275.0,2013.0,57.0,165.0
dataset1/cows_150,1272.0,2007.0,57.0,165.0
dataset1/cows_151,1272.0,2001.0,57.0,162.0
dataset1/cows_152,1269.0,1995.0,57.0,159.0
dataset1/cows_153,1269.0,1989.0,57.0,156.0
dataset1/cows_154,1269.0,1983.0,57.0,156.0
dataset1/cows_155,1269.0,1977.0,57.0,153.0
dataset1/cows_156,1266.0,1974.0,57.0,153.0
dataset1/cows_157,1266.0,1968.0,57.0,153.0
dataset1/cows_158,1266.0,1959.0,57.0,153.0
dataset1/cows_159,1266.0,1953.0,57.0,156.0
dataset1/cows_160,1266.0,1947.0,57.0,156.0
dataset1/cows_161,1263.0,1941.0,57.0,156.0
dataset1/cows_162,1263.0,1935.0,57.0,156.0
dataset1/cows_163,1263.0,1929.0,57.0,156.0
dataset1/cows_164,1263.0,1923.0,57.0,159.0
dataset1/cows_165,1263.0,1917.0,57.0,159.0
dataset1/cows_166,1263.0,1911.0,57.0,159.0
dataset1/cows_167,1263.0,1905.0,57.0,159.0
dataset1/cows_168,1263.0,1899.0,57.0,159.0
dataset1/cows_169,1263.0,1893.0,57.0,159.0
dataset1/cows_170,1263.0,1887.0,57.0,159.0
dataset1/cows_171,1263.0,1881.0,57.0,159.0
dataset1/cows_172,1263.0,1875.0,57.0,156.0
dataset1/cows_173,1263.0,1869.0,57.0,153.0
dataset1/cows_174,1263.0,1863.0,57.0,153.0
dataset1/cows_175,1263.0,1857.0,57.0,156.0
dataset1/cows_176,1263.0,1851.0,54.0,153.0
dataset1/cows_177,1263.0,1842.0,54.0,156.0
dataset1/cows_178,1263.0,1839.0,54.0,156.0
dataset1/cows_179,1263.0,1830.0,54.0,159.0
dataset1/cows_180,1263.0,1824.0,54.0,159.0
dataset1/cows_181,1263.0,1821.0,54.0,159.0
dataset1/cows_182,1263.0,1815.0,54.0,159.0
dataset1/cows_183,1260.0,1809.0,54.0,159.0
dataset1/cows_184,1260.0,1806.0,54.0,156.0
dataset1/cows_185,1260.0,1797.0,54.0,159.0
dataset1/cows_186,1257.0,1791.0,54.0,159.0
dataset1/cows_187,1257.0,1785.0,54.0,156.0
dataset1/cows_188,1254.0,1782.0,54.0,159.0
dataset1/cows_189,1254.0,1773.0,54.0,159.0
dataset1/cows_190,1254.0,1770.0,54.0,159.0
dataset1/cows_191,1254.0,1761.0,54.0,159.0
dataset1/cows_192,1251.0,1758.0,54.0,162.0
dataset1/cows_193,1251.0,1749.0,54.0,162.0
dataset1/cows_194,1251.0,1743.0,54.0,162.0
dataset1/cows_195,1248.0,1740.0,54.0,162.0
dataset1/cows_196,1248.0,1731.0,54.0,162.0
dataset1/cows_197,1248.0,1728.0,54.0,159.0
dataset1/cows_198,1245.0,1722.0,54.0,156.0
dataset1/cows_199,1245.0,1716.0,54.0,156.0
dataset1/cows_200,1245.0,1710.0,54.0,156.0
dataset1/cows_201,1245.0,1704.0,54.0,153.0
dataset1/cows_202,1245.0,1698.0,54.0,156.0
dataset1/cows_203,1245.0,1692.0,54.0,156.0
dataset1/cows_204,1245.0,1686.0,54.0,153.0
dataset1/cows_205,1245.0,1683.0,54.0,153.0
dataset1/cows_206,1242.0,1677.0,54.0,153.0
dataset1/cows_207,1242.0,1671.0,54.0,153.0
dataset1/cows_208,1242.0,1665.0,54.0,156.0
dataset1/cows_209,1242.0,1659.0,54.0,153.0
dataset1/cows_210,1242.0,1656.0,54.0,156.0
dataset1/cows_211,1242.0,1650.0,54.0,153.0
dataset1/cows_212,1242.0,1644.0,54.0,153.0
dataset1/cows_213,1242.0,1641.0,54.0,153.0
dataset1/cows_214,1245.0,1635.0,54.0,153.0
dataset1/cows_215,1245.0,1629.0,54.0,153.0
dataset1/cows_216,1245.0,1626.0,54.0,153.0
dataset1/cows_217,1245.0,1620.0,54.0,153.0
dataset1/cows_218,1245.0,1614.0,54.0,150.0
dataset1/cows_219,1245.0,1611.0,54.0,150.0
dataset1/cows_220,1245.0,1605.0,54.0,150.0
dataset1/cows_221,1245.0,1599.0,54.0,147.0
dataset1/cows_222,1245.0,1596.0,54.0,147.0
dataset1/cows_223,1245.0,1590.0,54.0,147.0
dataset1/cows_224,1245.0,1587.0,54.0,147.0
dataset1/cows_225,1245.0,1578.0,54.0,147.0
dataset1/cows_226,1245.0,1575.0,51.0,144.0
dataset1/cows_227,1245.0,1566.0,51.0,150.0
dataset1/cows_228,1245.0,1563.0,51.0,150.0
dataset1/cows_229,1242.0,1557.0,51.0,150.0
dataset1/cows_230,1245.0,1548.0,51.0,150.0
dataset1/cows_231,1242.0,1545.0,51.0,150.0
dataset1/cows_232,1242.0,1539.0,51.0,150.0
dataset1/cows_233,1242.0,1533.0,51.0,153.0
dataset1/cows_234,1239.0,1527.0,51.0,153.0
dataset1/cows_235,1239.0,1521.0,51.0,153.0
dataset1/cows_236,1239.0,1515.0,51.0,153.0
dataset1/cows_237,1239.0,1509.0,51.0,153.0
dataset1/cows_238,1236.0,1506.0,51.0,153.0
dataset1/cows_239,1236.0,1500.0,51.0,153.0
dataset1/cows_240,1236.0,1494.0,54.0,156.0
dataset1/cows_241,1233.0,1488.0,54.0,156.0
dataset1/cows_242,1233.0,1482.0,54.0,153.0
dataset1/cows_243,1233.0,1479.0,54.0,153.0
dataset1/cows_244,1233.0,1473.0,54.0,147.0
dataset1/cows_245,1233.0,1467.0,54.0,147.0
dataset1/cows_246,1233.0,1461.0,54.0,147.0
dataset1/cows_247,1233.0,1455.0,54.0,144.0
dataset1/cows_248,1230.0,1452.0,54.0,144.0
dataset1/cows_249,1233.0,1446.0,54.0,141.0
dataset1/cows_250,1230.0,1443.0,54.0,141.0
dataset1/cows_251,1230.0,1437.0,54.0,141.0
dataset1/cows_252,1230.0,1431.0,54.0,138.0
dataset1/cows_253,1230.0,1428.0,54.0,141.0
dataset1/cows_254,1230.0,1422.0,54.0,141.0
dataset1/cows_255,1230.0,1419.0,54.0,141.0
dataset1/cows_256,1230.0,1413.0,54.0,144.0
dataset1/cows_257,1230.0,1407.0,54.0,144.0
dataset1/cows_258,1230.0,1401.0,54.0,144.0
dataset1/cows_259,1230.0,1398.0,54.0,144.0
dataset1/cows_260,1230.0,1392.0,54.0,144.0
dataset1/cows_261,1230.0,1386.0,54.0,144.0
dataset1/cows_262,1230.0,1383.0,54.0,144.0
dataset1/cows_263,1230.0,1377.0,54.0,141.0
dataset1/cows_264,1230.0,1374.0,54.0,141.0
dataset1/cows_265,1230.0,1368.0,54.0,141.0
dataset1/cows_266,1230.0,1362.0,54.0,141.0
dataset1/cows_267,1233.0,1359.0,54.0,141.0
dataset1/cows_268,1233.0,1353.0,54.0,141.0
dataset1/cows_269,1233.0,1350.0,54.0,141.0
dataset1/cows_270,1233.0,1344.0,54.0,141.0
dataset1/cows_271,1233.0,1338.0,54.0,141.0
dataset1/cows_272,1233.0,1335.0,54.0,141.0
dataset1/cows_273,1233.0,1329.0,51.0,138.0
dataset1/cows_274,1230.0,1323.0,54.0,141.0
dataset1/cows_275,1233.0,1320.0,51.0,138.0
dataset1/cows_276,1230.0,1314.0,54.0,144.0
dataset1/cows_277,1233.0,1311.0,51.0,135.0
dataset1/cows_278,1230.0,1305.0,54.0,141.0
dataset1/cows_279,1230.0,1302.0,51.0,138.0
dataset1/cows_280,1233.0,1293.0,51.0,141.0
dataset1/cows_281,1230.0,1287.0,54.0,147.0
dataset1/cows_282,1230.0,1281.0,54.0,144.0
dataset1/cows_283,1230.0,1278.0,54.0,144.0
dataset1/cows_284,1230.0,1272.0,54.0,144.0
dataset1/cows_285,1230.0,1266.0,54.0,144.0
dataset1/cows_286,1227.0,1260.0,54.0,144.0
dataset1/cows_287,1230.0,1263.0,51.0,144.0
dataset1/cows_288,1227.0,1254.0,54.0,147.0
dataset1/cows_289,1227.0,1251.0,51.0,147.0
dataset1/cows_290,1227.0,1245.0,51.0,147.0
dataset1/cows_291,1224.0,1239.0,51.0,147.0
dataset1/cows_292,1227.0,1236.0,51.0,147.0
dataset1/cows_293,1224.0,1230.0,51.0,144.0
dataset1/cows_294,1224.0,1224.0,51.0,144.0
dataset1/cows_295,1224.0,1221.0,51.0,144.0
dataset1/cows_296,1224.0,1215.0,51.0,144.0
dataset1/cows_297,1224.0,1209.0,51.0,141.0
dataset1/cows_298,1221.0,1203.0,51.0,141.0
dataset1/cows_299,1224.0,1200.0,51.0,138.0
dataset1/cows_300,1221.0,1194.0,51.0,138.0
dataset1/cows_301,1221.0,1188.0,51.0,141.0
dataset1/cows_302,1221.0,1185.0,51.0,141.0
dataset1/cows_303,1221.0,1179.0,51.0,141.0
dataset1/cows_304,1221.0,1176.0,51.0,141.0
dataset1/cows_305,1221.0,1170.0,51.0,141.0
dataset1/cows_306,1218.0,1164.0,51.0,141.0
dataset1/cows_307,1221.0,1161.0,48.0,138.0
dataset1/cows_308,1221.0,1155.0,51.0,141.0
dataset1/cows_309,1221.0,1152.0,51.0,141.0
dataset1/cows_310,1221.0,1146.0,51.0,141.0
dataset1/cows_311,1221.0,1143.0,51.0,141.0
dataset1/cows_312,1218.0,1137.0,51.0,141.0
dataset1/cows_313,1221.0,1134.0,51.0,141.0
dataset1/cows_314,1221.0,1128.0,51.0,141.0
dataset1/cows_315,1221.0,1122.0,51.0,141.0
dataset1/cows_316,1221.0,1119.0,51.0,138.0
dataset1/cows_317,1221.0,1113.0,51.0,138.0
dataset1/cows_318,1218.0,1110.0,51.0,138.0
dataset1/cows_319,1221.0,1104.0,51.0,135.0
dataset1/cows_320,1221.0,1098.0,51.0,138.0
dataset1/cows_321,1221.0,1092.0,51.0,138.0
dataset1/cows_322,1221.0,1089.0,51.0,138.0
dataset1/cows_323,1218.0,1083.0,51.0,138.0
dataset1/cows_324,1218.0,1077.0,51.0,138.0
dataset1/cows_325,1218.0,1074.0,51.0,138.0
dataset1/cows_326,1218.0,1071.0,51.0,138.0
dataset1/cows_327,1218.0,1065.0,51.0,135.0
dataset1/cows_328,1215.0,1062.0,51.0,135.0
dataset1/cows_329,1215.0,1059.0,51.0,135.0
dataset1/cows_330,1215.0,1056.0,51.0,135.0
dataset1/cows_331,1215.0,1047.0,51.0,135.0
dataset1/cows_332,1215.0,1044.0,51.0,135.0
dataset1/cows_333,1212.0,1038.0,51.0,135.0
dataset1/cows_334,1212.0,1035.0,51.0,135.0
dataset1/cows_335,1212.0,1029.0,51.0,135.0
dataset1/cows_336,1212.0,1026.0,51.0,135.0
dataset1/cows_337,1209.0,1020.0,51.0,135.0
dataset1/cows_338,1209.0,1014.0,51.0,135.0
dataset1/cows_339,1209.0,1011.0,51.0,135.0
dataset1/cows_340,1209.0,1005.0,51.0,135.0
dataset1/cows_341,1206.0,999.0,51.0,135.0
dataset1/cows_342,1209.0,993.0,51.0,132.0
dataset1/cows_343,1206.0,990.0,51.0,132.0
dataset1/cows_344,1206.0,984.0,51.0,129.0
dataset1/cows_345,1206.0,981.0,51.0,129.0
dataset1/cows_346,1203.0,975.0,51.0,126.0
dataset1/cows_347,1203.0,969.0,51.0,126.0
dataset1/cows_348,1203.0,966.0,51.0,126.0
dataset1/cows_349,1203.0,963.0,51.0,129.0
dataset1/cows_350,1203.0,957.0,51.0,129.0
dataset1/cows_351,1203.0,954.0,51.0,129.0
dataset1/cows_352,1203.0,948.0,51.0,129.0
dataset1/cows_353,1203.0,945.0,51.0,129.0
dataset1/cows_354,1203.0,939.0,51.0,129.0
dataset1/cows_355,1203.0,933.0,51.0,132.0
dataset1/cows_356,1200.0,930.0,51.0,132.0
dataset1/cows_357,1203.0,927.0,48.0,132.0
dataset1/cows_358,1203.0,918.0,48.0,135.0
dataset1/cows_359,1203.0,915.0,48.0,135.0
dataset1/cows_360,1203.0,909.0,48.0,132.0
dataset1/cows_361,1203.0,903.0,48.0,135.0
dataset1/cows_362,1203.0,900.0,48.0,135.0
dataset1/cows_363,1203.0,894.0,48.0,135.0
dataset1/cows_364,1200.0,891.0,48.0,132.0
dataset1/cows_365,1203.0,885.0,48.0,132.0
dataset1/cows_366,1200.0,882.0,48.0,132.0
dataset1/cows_367,1200.0,876.0,48.0,135.0
dataset1/cows_368,1200.0,870.0,48.0,135.0
dataset1/cows_369,1200.0,867.0,48.0,135.0
dataset1/cows_370,1200.0,864.0,48.0,135.0
dataset1/cows_371,1200.0,858.0,48.0,135.0
dataset1/cows_372,1200.0,855.0,48.0,135.0
dataset1/cows_373,1200.0,849.0,48.0,135.0
dataset1/cows_374,1200.0,843.0,48.0,138.0
dataset1/cows_375,1197.0,837.0,48.0,141.0
dataset1/cows_376,1200.0,831.0,48.0,144.0
dataset1/cows_377,1197.0,828.0,48.0,141.0
dataset1/cows_378,1200.0,822.0,48.0,141.0
dataset1/cows_379,1197.0,816.0,48.0,141.0
dataset1/cows_380,1197.0,813.0,48.0,144.0
dataset1/cows_381,1197.0,810.0,48.0,141.0
dataset1/cows_382,1197.0,804.0,48.0,138.0
dataset1/cows_383,1197.0,801.0,48.0,135.0
dataset1/cows_384,1194.0,795.0,48.0,135.0
dataset1/cows_385,1197.0,792.0,48.0,135.0
dataset1/cows_386,1194.0,789.0,48.0,135.0
dataset1/cows_387,1197.0,786.0,48.0,132.0
dataset1/cows_388,1194.0,780.0,48.0,132.0
dataset1/cows_389,1197.0,774.0,48.0,132.0
dataset1/cows_390,1194.0,771.0,48.0,132.0
dataset1/cows_391,1197.0,765.0,48.0,132.0
dataset1/cows_392,1194.0,762.0,48.0,132.0
dataset1/cows_393,1197.0,756.0,48.0,132.0
dataset1/cows_394,1197.0,750.0,48.0,135.0
dataset1/cows_395,1197.0,747.0,48.0,135.0
dataset1/cows_396,1197.0,741.0,48.0,135.0
dataset1/cows_397,1197.0,738.0,48.0,135.0
dataset1/cows_398,1197.0,732.0,48.0,135.0
dataset1/cows_399,1197.0,729.0,48.0,135.0
dataset1/cows_400,1197.0,726.0,48.0,135.0
dataset1/cows_401,1197.0,720.0,48.0,138.0
dataset1/cows_402,1197.0,714.0,48.0,138.0
dataset1/cows_403,1197.0,711.0,48.0,138.0
dataset1/cows_404,1197.0,705.0,48.0,138.0
dataset1/cows_405,1197.0,702.0,48.0,138.0
dataset1/cows_406,1197.0,696.0,48.0,141.0
dataset1/cows_407,1197.0,693.0,48.0,141.0
dataset1/cows_408,1197.0,687.0,48.0,141.0
dataset1/cows_409,1197.0,681.0,48.0,141.0
dataset1/cows_410,1194.0,678.0,48.0,141.0
dataset1/cows_411,1197.0,675.0,48.0,141.0
dataset1/cows_412,1194.0,669.0,48.0,141.0
dataset1/cows_413,1194.0,666.0,48.0,141.0
dataset1/cows_414,1194.0,660.0,48.0,141.0
dataset1/cows_415,1194.0,657.0,48.0,141.0
dataset1/cows_416,1194.0,654.0,48.0,141.0
dataset1/cows_417,1194.0,648.0,48.0,141.0
dataset1/cows_418,1194.0,645.0,48.0,141.0
dataset1/cows_419,1194.0,639.0,45.0,138.0
dataset1/cows_420,1194.0,636.0,45.0,138.0
dataset1/cows_421,1194.0,630.0,45.0,135.0
dataset1/cows_422,1194.0,627.0,45.0,135.0
dataset1/cows_423,1194.0,621.0,45.0,135.0
dataset1/cows_424,1194.0,618.0,45.0,135.0
dataset1/cows_425,1191.0,615.0,45.0,135.0
dataset1/cows_426,1194.0,609.0,45.0,135.0
dataset1/cows_427,1191.0,606.0,45.0,135.0
dataset1/cows_428,1191.0,600.0,45.0,135.0
dataset1/cows_429,1191.0,597.0,45.0,135.0
dataset1/cows_430,1191.0,594.0,45.0,135.0
dataset1/cows_431,1191.0,588.0,45.0,135.0
dataset1/cows_432,1194.0,585.0,45.0,135.0
dataset1/cows_433,1194.0,579.0,45.0,138.0
dataset1/cows_434,1194.0,576.0,45.0,138.0
dataset1/cows_435,1194.0,570.0,45.0,141.0
dataset1/cows_436,1194.0,567.0,45.0,138.0
dataset1/cows_437,1194.0,561.0,45.0,138.0
dataset1/cows_438,1194.0,558.0,45.0,138.0
dataset1/cows_439,1194.0,552.0,45.0,138.0
dataset1/cows_440,1194.0,549.0,45.0,135.0
dataset1/cows_441,1194.0,543.0,45.0,135.0
dataset1/cows_442,1194.0,540.0,45.0,135.0
dataset1/cows_443,1194.0,537.0,45.0,135.0
dataset1/cows_444,1194.0,534.0,45.0,135.0
dataset1/cows_445,1194.0,528.0,45.0,132.0
dataset1/cows_446,1194.0,525.0,45.0,132.0
dataset1/cows_447,1194.0,522.0,45.0,135.0
dataset1/cows_448,1194.0,516.0,45.0,135.0
dataset1/cows_449,1194.0,513.0,45.0,135.0
dataset1/cows_450,1194.0,510.0,45.0,135.0
dataset1/cows_451,1194.0,504.0,45.0,135.0
dataset1/cows_452,1194.0,501.0,45.0,135.0
dataset1/cows_453,1191.0,498.0,45.0,135.0
dataset1/cows_454,1191.0,495.0,45.0,132.0
dataset1/cows_455,1191.0,489.0,45.0,132.0
dataset1/cows_456,1191.0,486.0,45.0,135.0
dataset1/cows_457,1191.0,483.0,45.0,135.0
dataset1/cows_458,1191.0,477.0,45.0,135.0
dataset1/cows_459,1191.0,474.0,45.0,135.0
dataset1/cows_460,1188.0,468.0,45.0,135.0
dataset1/cows_461,1188.0,465.0,45.0,132.0
dataset1/cows_462,1188.0,459.0,45.0,132.0
dataset1/cows_463,1188.0,453.0,45.0,132.0
dataset1/cows_464,1188.0,447.0,45.0,135.0
dataset1/cows_465,1188.0,444.0,45.0,135.0
dataset1/cows_466,1188.0,438.0,45.0,135.0
dataset1/cows_467,1188.0,432.0,45.0,132.0
dataset1/cows_468,1188.0,426.0,45.0,132.0
dataset1/cows_469,1185.0,423.0,45.0,129.0
dataset1/cows_470,1188.0,420.0,42.0,126.0
dataset1/cows_471,1188.0,414.0,42.0,129.0
dataset1/cows_472,1188.0,408.0,42.0,132.0
dataset1/cows_473,1188.0,405.0,42.0,129.0
dataset1/cows_474,1188.0,402.0,42.0,132.0
dataset1/cows_475,1188.0,399.0,42.0,132.0
dataset1/cows_476,1188.0,396.0,42.0,132.0
dataset1/cows_477,1188.0,393.0,42.0,132.0
dataset1/cows_478,1188.0,390.0,42.0,132.0
dataset1/cows_479,1191.0,390.0,42.0,129.0
dataset1/cows_480,1188.0,390.0,42.0,132.0
dataset1/cows_481,1188.0,387.0,42.0,132.0
dataset1/cows_482,1191.0,387.0,42.0,132.0
dataset1/cows_483,1191.0,384.0,42.0,135.0
dataset1/cows_484,1191.0,381.0,42.0,135.0
dataset1/cows_485,1191.0,381.0,42.0,135.0
dataset1/cows_486,1191.0,381.0,42.0,135.0
dataset1/cows_487,1191.0,381.0,42.0,135.0
dataset1/cows_488,1194.0,381.0,42.0,132.0
dataset1/person_3_0,429.0,403.0,60.0,31.0
dataset1/person_3_1,429.0,402.0,62.0,32.0
dataset1/person_3_2,430.0,400.0,58.0,31.0
dataset1/person_3_3,429.0,399.0,54.0,31.0
dataset1/person_3_4,430.0,398.0,46.0,32.0
dataset1/person_3_5,430.0,398.0,46.0,32.0
dataset1/person_3_6,431.0,395.0,46.0,33.0
dataset1/person_3_7,429.0,393.0,46.0,33.0
dataset1/person_3_8,424.0,389.0,47.0,33.0
dataset1/person_3_9,419.0,388.0,45.0,32.0
dataset1/person_3_10,420.0,389.0,45.0,32.0
dataset1/person_3_11,417.0,390.0,43.0,32.0
dataset1/person_3_12,412.0,386.0,42.0,34.0
dataset1/person_3_13,409.0,386.0,44.0,36.0
dataset1/person_3_14,406.0,382.0,44.0,38.0
dataset1/person_3_15,405.0,382.0,45.0,40.0
dataset1/person_3_16,402.0,377.0,42.0,39.0
dataset1/person_3_17,399.0,375.0,43.0,41.0
dataset1/person_3_18,395.0,372.0,45.0,43.0
dataset1/person_3_19,390.0,369.0,48.0,49.0
dataset1/person_3_20,390.0,368.0,51.0,54.0
dataset1/person_3_21,386.0,365.0,51.0,56.0
dataset1/person_3_22,382.0,363.0,53.0,59.0
dataset1/person_3_23,379.0,362.0,53.0,62.0
dataset1/person_3_24,376.0,366.0,50.0,59.0
dataset1/person_3_25,377.0,367.0,50.0,58.0
dataset1/person_3_26,372.0,368.0,49.0,58.0
dataset1/person_3_27,368.0,368.0,48.0,58.0
dataset1/person_3_28,361.0,369.0,46.0,59.0
dataset1/person_3_29,356.0,371.0,45.0,62.0
dataset1/person_3_30,356.0,371.0,43.0,62.0
dataset1/person_3_31,349.0,374.0,44.0,68.0
dataset1/person_3_32,345.0,375.0,45.0,69.0
dataset1/person_3_33,338.0,377.0,48.0,74.0
dataset1/person_3_34,331.0,384.0,51.0,78.0
dataset1/person_3_35,331.0,384.0,51.0,78.0
dataset1/person_3_36,325.0,389.0,54.0,82.0
dataset1/person_3_37,317.0,395.0,58.0,86.0
dataset1/person_3_38,310.0,402.0,64.0,90.0
dataset1/person_3_39,303.0,411.0,70.0,93.0
dataset1/person_3_40,301.0,413.0,73.0,93.0
dataset1/person_3_41,293.0,421.0,80.0,98.0
dataset1/person_3_42,287.0,431.0,83.0,99.0
dataset1/person_3_43,280.0,440.0,92.0,103.0
dataset1/person_3_44,271.0,450.0,96.0,105.0
dataset1/person_3_45,270.0,451.0,96.0,104.0
dataset1/person_3_46,261.0,454.0,96.0,113.0
dataset1/person_3_47,251.0,453.0,94.0,119.0
dataset1/person_3_48,243.0,462.0,85.0,116.0
dataset1/person_3_49,234.0,485.0,74.0,113.0
dataset1/person_3_50,235.0,481.0,71.0,122.0
dataset1/person_3_51,228.0,491.0,64.0,118.0
dataset1/person_3_52,221.0,510.0,57.0,108.0
dataset1/person_3_53,217.0,533.0,50.0,93.0
dataset1/person_3_54,208.0,547.0,49.0,85.0
dataset1/person_3_55,208.0,548.0,51.0,84.0
dataset1/person_3_56,198.0,558.0,52.0,79.0
dataset1/person_3_57,189.0,567.0,51.0,72.0
dataset1/person_3_58,179.0,576.0,54.0,70.0
dataset1/person_3_59,166.0,582.0,60.0,70.0
dataset1/person_3_60,164.0,582.0,63.0,70.0
dataset1/person_3_61,158.0,587.0,65.0,68.0
dataset1/person_3_62,149.0,590.0,66.0,66.0
dataset1/person_3_63,139.0,591.0,73.0,68.0
dataset1/person_3_64,114.0,590.0,90.0,79.0
dataset1/person_3_65,117.0,590.0,90.0,77.0
dataset1/person_3_66,104.0,590.0,93.0,80.0
dataset1/person_3_67,97.0,588.0,95.0,82.0
dataset1/person_3_68,93.0,586.0,96.0,85.0
dataset1/person_3_69,93.0,585.0,95.0,88.0
dataset1/person_3_70,92.0,585.0,94.0,90.0
dataset1/person_3_71,87.0,585.0,92.0,90.0
dataset1/person_3_72,82.0,583.0,91.0,90.0
dataset1/person_3_73,77.0,583.0,91.0,90.0
dataset1/person_3_74,73.0,585.0,90.0,90.0
dataset1/person_3_75,72.0,586.0,92.0,91.0
dataset1/person_3_76,67.0,588.0,90.0,86.0
dataset1/person_3_77,63.0,591.0,90.0,84.0
dataset1/person_3_78,56.0,593.0,91.0,81.0
dataset1/person_3_79,50.0,594.0,91.0,79.0
dataset1/person_3_80,50.0,595.0,93.0,76.0
dataset1/person_3_81,44.0,594.0,92.0,75.0
dataset1/person_3_82,39.0,594.0,95.0,76.0
dataset1/person_3_83,38.0,593.0,96.0,75.0
dataset1/person_3_84,39.0,591.0,98.0,77.0
dataset1/person_3_85,36.0,591.0,101.0,77.0
dataset1/person_3_86,39.0,589.0,100.0,77.0
dataset1/person_3_87,38.0,583.0,109.0,84.0
dataset1/person_3_88,43.0,576.0,117.0,88.0
dataset1/person_3_89,54.0,568.0,121.0,91.0
dataset1/person_3_90,56.0,568.0,119.0,89.0
dataset1/person_3_91,72.0,561.0,119.0,93.0
dataset1/person_3_92,99.0,553.0,109.0,92.0
dataset1/person_3_93,113.0,543.0,117.0,101.0
dataset1/person_3_94,133.0,534.0,117.0,107.0
dataset1/person_3_95,132.0,533.0,116.0,110.0
dataset1/person_3_96,163.0,523.0,113.0,112.0
dataset1/person_3_97,184.0,516.0,105.0,111.0
dataset1/person_3_98,206.0,510.0,96.0,108.0
dataset1/person_3_99,231.0,500.0,92.0,110.0
dataset1/person_3_100,231.0,502.0,87.0,112.0
dataset1/person_3_101,254.0,494.0,83.0,114.0
dataset1/person_3_102,274.0,483.0,77.0,107.0
dataset1/person_3_103,289.0,473.0,72.0,98.0
dataset1/person_3_104,303.0,465.0,72.0,110.0
dataset1/person_3_105,304.0,460.0,77.0,117.0
dataset1/person_3_106,317.0,450.0,73.0,111.0
dataset1/person_3_107,328.0,436.0,77.0,115.0
dataset1/person_3_108,336.0,426.0,81.0,113.0
dataset1/person_3_109,340.0,412.0,87.0,110.0
dataset1/person_3_110,337.0,412.0,97.0,116.0
dataset1/person_3_111,337.0,409.0,98.0,111.0
dataset1/person_3_112,349.0,406.0,95.0,104.0
dataset1/person_3_113,356.0,397.0,98.0,99.0
dataset1/person_3_114,358.0,386.0,101.0,96.0
dataset1/person_3_115,357.0,385.0,105.0,94.0
dataset1/person_3_116,363.0,379.0,103.0,88.0
dataset1/person_3_117,370.0,372.0,104.0,90.0
dataset1/person_3_118,380.0,365.0,100.0,88.0
dataset1/person_3_119,384.0,359.0,97.0,85.0
dataset1/person_3_120,382.0,360.0,94.0,81.0
dataset1/person_3_121,386.0,355.0,93.0,80.0
dataset1/person_3_122,388.0,354.0,93.0,80.0
dataset1/person_3_123,392.0,353.0,89.0,78.0
dataset1/person_3_124,398.0,351.0,82.0,79.0
dataset1/person_3_125,397.0,350.0,82.0,82.0
dataset1/person_3_126,406.0,348.0,73.0,78.0
dataset1/person_3_127,402.0,344.0,74.0,78.0
dataset1/person_3_128,400.0,342.0,77.0,82.0
dataset1/person_3_129,395.0,339.0,80.0,91.0
dataset1/person_3_130,393.0,339.0,81.0,96.0
dataset1/person_3_131,386.0,337.0,87.0,112.0
dataset1/person_3_132,385.0,336.0,82.0,112.0
dataset1/person_3_133,384.0,337.0,78.0,106.0
dataset1/person_3_134,380.0,338.0,77.0,99.0
dataset1/person_3_135,379.0,338.0,79.0,99.0
dataset1/person_3_136,372.0,341.0,76.0,92.0
dataset1/person_3_137,356.0,344.0,82.0,92.0
dataset1/person_3_138,354.0,347.0,78.0,87.0
dataset1/person_3_139,350.0,351.0,73.0,80.0
dataset1/person_3_140,348.0,353.0,74.0,79.0
dataset1/person_3_141,346.0,354.0,69.0,73.0
dataset1/person_3_142,340.0,359.0,72.0,81.0
dataset1/person_3_143,331.0,362.0,75.0,88.0
dataset1/person_3_144,320.0,363.0,82.0,93.0
dataset1/person_3_145,320.0,362.0,82.0,92.0
dataset1/person_3_146,309.0,363.0,90.0,103.0
dataset1/person_3_147,299.0,361.0,98.0,110.0
dataset1/person_3_148,290.0,361.0,98.0,111.0
dataset1/person_3_149,286.0,361.0,98.0,109.0
dataset1/person_3_150,285.0,362.0,96.0,105.0
dataset1/person_3_151,278.0,362.0,94.0,100.0
dataset1/person_3_152,271.0,364.0,92.0,94.0
dataset1/person_3_153,267.0,367.0,90.0,89.0
dataset1/person_3_154,259.0,371.0,91.0,85.0
dataset1/person_3_155,259.0,371.0,91.0,82.0
dataset1/person_3_156,255.0,377.0,92.0,84.0
dataset1/person_3_157,250.0,379.0,90.0,83.0
dataset1/person_3_158,244.0,383.0,88.0,82.0
dataset1/person_3_159,237.0,386.0,82.0,77.0
dataset1/person_3_160,236.0,387.0,84.0,80.0
dataset1/person_3_161,229.0,388.0,79.0,79.0
dataset1/person_3_162,216.0,390.0,77.0,79.0
dataset1/person_3_163,205.0,396.0,73.0,78.0
dataset1/person_3_164,199.0,400.0,70.0,75.0
dataset1/person_3_165,199.0,401.0,70.0,75.0
dataset1/person_3_166,191.0,406.0,69.0,74.0
dataset1/person_3_167,184.0,410.0,68.0,72.0
dataset1/person_3_168,172.0,411.0,66.0,69.0
dataset1/person_3_169,162.0,416.0,56.0,59.0
dataset1/person_3_170,164.0,417.0,54.0,56.0
dataset1/person_3_171,158.0,433.0,46.0,46.0
dataset1/person_3_172,172.0,465.0,38.0,35.0
dataset1/person_3_173,0.0,0.0,0.0,0.0
dataset1/person_3_174,0.0,0.0,0.0,0.0
dataset1/person_3_175,0.0,0.0,0.0,0.0
dataset1/person_3_176,0.0,0.0,0.0,0.0
dataset1/person_3_177,0.0,0.0,0.0,0.0
dataset1/person_3_178,0.0,0.0,0.0,0.0
dataset1/person_3_179,0.0,0.0,0.0,0.0
dataset1/person_3_180,0.0,0.0,0.0,0.0
dataset1/person_3_181,61.0,378.0,73.0,87.0
dataset1/person_3_182,68.0,377.0,65.0,83.0
dataset1/person_3_183,70.0,372.0,65.0,91.0
dataset1/person_3_184,74.0,371.0,61.0,85.0
dataset1/person_3_185,73.0,371.0,62.0,91.0
dataset1/person_3_186,75.0,373.0,62.0,91.0
dataset1/person_3_187,75.0,376.0,63.0,91.0
dataset1/person_3_188,76.0,380.0,65.0,93.0
dataset1/person_3_189,76.0,382.0,67.0,94.0
dataset1/person_3_190,75.0,382.0,69.0,96.0
dataset1/person_3_191,76.0,384.0,69.0,94.0
dataset1/person_3_192,77.0,386.0,70.0,93.0
dataset1/person_3_193,74.0,395.0,64.0,87.0
dataset1/person_3_194,72.0,412.0,56.0,76.0
dataset1/person_3_195,70.0,412.0,57.0,78.0
dataset1/person_3_196,73.0,440.0,47.0,60.0
dataset1/person_3_197,78.0,458.0,47.0,57.0
dataset1/person_3_198,95.0,483.0,49.0,56.0
dataset1/person_3_199,0.0,0.0,0.0,0.0
dataset1/person_3_200,0.0,0.0,0.0,0.0
dataset1/person_3_201,0.0,0.0,0.0,0.0
dataset1/person_3_202,0.0,0.0,0.0,0.0
dataset1/person_3_203,0.0,0.0,0.0,0.0
dataset1/person_3_204,0.0,0.0,0.0,0.0
dataset1/person_3_205,0.0,0.0,0.0,0.0
dataset1/person_3_206,0.0,0.0,0.0,0.0
dataset1/person_3_207,0.0,0.0,0.0,0.0
dataset1/person_3_208,0.0,0.0,0.0,0.0
dataset1/person_3_209,0.0,0.0,0.0,0.0
dataset1/person_3_210,150.0,385.0,86.0,89.0
dataset1/person_3_211,151.0,378.0,91.0,100.0
dataset1/person_3_212,155.0,381.0,89.0,103.0
dataset1/person_3_213,160.0,382.0,91.0,109.0
dataset1/person_3_214,161.0,385.0,91.0,108.0
dataset1/person_3_215,161.0,385.0,88.0,108.0
dataset1/person_3_216,161.0,387.0,88.0,105.0
dataset1/person_3_217,162.0,389.0,86.0,103.0
dataset1/person_3_218,161.0,390.0,86.0,101.0
dataset1/person_3_219,163.0,395.0,81.0,97.0
dataset1/person_3_220,162.0,394.0,84.0,101.0
dataset1/person_3_221,162.0,392.0,83.0,101.0
dataset1/person_3_222,161.0,386.0,85.0,108.0
dataset1/person_3_223,159.0,382.0,85.0,115.0
dataset1/person_3_224,160.0,379.0,83.0,117.0
dataset1/person_3_225,161.0,378.0,82.0,119.0
dataset1/person_3_226,160.0,376.0,81.0,121.0
dataset1/person_3_227,159.0,378.0,80.0,119.0
dataset1/person_3_228,158.0,374.0,80.0,120.0
dataset1/person_3_229,158.0,379.0,79.0,116.0
dataset1/person_3_230,158.0,378.0,80.0,117.0
dataset1/person_3_231,155.0,378.0,79.0,118.0
dataset1/person_3_232,150.0,385.0,69.0,110.0
dataset1/person_3_233,152.0,413.0,59.0,90.0
dataset1/person_3_234,153.0,407.0,62.0,95.0
dataset1/person_3_235,153.0,405.0,64.0,99.0
dataset1/person_3_236,150.0,412.0,58.0,89.0
dataset1/person_3_237,150.0,407.0,58.0,92.0
dataset1/person_3_238,148.0,419.0,53.0,82.0
dataset1/person_3_239,146.0,448.0,43.0,61.0
dataset1/person_3_240,149.0,455.0,39.0,50.0
dataset1/person_3_241,158.0,459.0,36.0,44.0
dataset1/person_3_242,161.0,462.0,31.0,36.0
dataset1/person_3_243,169.0,446.0,34.0,45.0
dataset1/person_3_244,155.0,452.0,39.0,43.0
dataset1/person_3_245,153.0,453.0,41.0,41.0
dataset1/person_3_246,0.0,0.0,0.0,0.0
dataset1/person_3_247,0.0,0.0,0.0,0.0
dataset1/person_3_248,0.0,0.0,0.0,0.0
dataset1/person_3_249,0.0,0.0,0.0,0.0
dataset1/person_3_250,0.0,0.0,0.0,0.0
dataset1/person_3_251,0.0,0.0,0.0,0.0
dataset1/person_3_252,0.0,0.0,0.0,0.0
dataset1/person_3_253,0.0,0.0,0.0,0.0
dataset1/person_3_254,0.0,0.0,0.0,0.0
dataset1/person_3_255,0.0,0.0,0.0,0.0
dataset1/person_3_256,0.0,0.0,0.0,0.0
dataset1/person_3_257,0.0,0.0,0.0,0.0
dataset1/person_3_258,0.0,0.0,0.0,0.0
dataset1/person_3_259,0.0,0.0,0.0,0.0
dataset1/person_3_260,0.0,0.0,0.0,0.0
dataset1/person_3_261,0.0,0.0,0.0,0.0
dataset1/person_3_262,0.0,0.0,0.0,0.0
dataset1/person_3_263,0.0,0.0,0.0,0.0
dataset1/person_3_264,0.0,0.0,0.0,0.0
dataset1/person_3_265,0.0,0.0,0.0,0.0
dataset1/person_3_266,0.0,0.0,0.0,0.0
dataset1/person_3_267,0.0,0.0,0.0,0.0
dataset1/person_3_268,0.0,0.0,0.0,0.0
dataset1/person_3_269,0.0,0.0,0.0,0.0
dataset1/person_3_270,0.0,0.0,0.0,0.0
dataset1/person_3_271,0.0,0.0,0.0,0.0
dataset1/person_3_272,157.0,379.0,75.0,93.0
dataset1/person_3_273,162.0,388.0,68.0,87.0
dataset1/person_3_274,163.0,386.0,68.0,90.0
dataset1/person_3_275,165.0,374.0,74.0,101.0
dataset1/person_3_276,172.0,369.0,71.0,104.0
dataset1/person_3_277,178.0,369.0,70.0,107.0
dataset1/person_3_278,187.0,371.0,67.0,105.0
dataset1/person_3_279,184.0,371.0,68.0,107.0
dataset1/person_3_280,197.0,376.0,65.0,101.0
dataset1/person_3_281,204.0,356.0,71.0,122.0
dataset1/person_3_282,213.0,359.0,71.0,119.0
dataset1/person_3_283,227.0,367.0,64.0,108.0
dataset1/person_3_284,226.0,368.0,64.0,110.0
dataset1/person_3_285,240.0,377.0,61.0,104.0
dataset1/person_3_286,252.0,384.0,61.0,101.0
dataset1/person_3_287,265.0,387.0,63.0,100.0
dataset1/person_3_288,277.0,363.0,67.0,123.0
dataset1/person_3_289,277.0,363.0,67.0,126.0
dataset1/person_3_290,291.0,363.0,65.0,124.0
dataset1/person_3_291,303.0,363.0,64.0,119.0
dataset1/person_3_292,314.0,369.0,65.0,111.0
dataset1/person_3_293,326.0,378.0,64.0,102.0
dataset1/person_3_294,325.0,377.0,69.0,103.0
dataset1/person_3_295,335.0,370.0,73.0,112.0
dataset1/person_3_296,346.0,373.0,74.0,116.0
dataset1/person_3_297,356.0,381.0,74.0,115.0
dataset1/person_3_298,365.0,384.0,73.0,114.0
dataset1/person_3_299,365.0,383.0,74.0,115.0
dataset1/person_3_300,373.0,388.0,72.0,111.0
dataset1/person_3_301,380.0,393.0,72.0,110.0
dataset1/person_3_302,382.0,398.0,71.0,109.0
dataset1/person_3_303,384.0,404.0,71.0,108.0
dataset1/person_3_304,384.0,405.0,71.0,105.0
dataset1/person_3_305,382.0,410.0,72.0,108.0
dataset1/person_3_306,383.0,416.0,69.0,108.0
dataset1/person_3_307,380.0,422.0,67.0,106.0
dataset1/person_3_308,379.0,427.0,70.0,111.0
dataset1/person_3_309,379.0,428.0,70.0,113.0
dataset1/person_3_310,377.0,432.0,70.0,115.0
dataset1/person_3_311,376.0,439.0,69.0,113.0
dataset1/person_3_312,374.0,445.0,67.0,105.0
dataset1/person_3_313,369.0,452.0,65.0,97.0
dataset1/person_3_314,369.0,454.0,66.0,95.0
dataset1/person_3_315,362.0,460.0,67.0,90.0
dataset1/person_3_316,354.0,467.0,67.0,86.0
dataset1/person_3_317,345.0,472.0,69.0,85.0
dataset1/person_3_318,332.0,481.0,71.0,86.0
dataset1/person_3_319,331.0,481.0,73.0,94.0
dataset1/person_3_320,320.0,483.0,70.0,93.0
dataset1/person_3_321,307.0,492.0,70.0,94.0
dataset1/person_3_322,289.0,499.0,73.0,102.0
dataset1/person_3_323,274.0,505.0,72.0,100.0
dataset1/person_3_324,272.0,505.0,76.0,105.0
dataset1/person_3_325,252.0,511.0,75.0,101.0
dataset1/person_3_326,233.0,518.0,75.0,102.0
dataset1/person_3_327,212.0,526.0,74.0,97.0
dataset1/person_3_328,190.0,532.0,71.0,92.0
dataset1/person_3_329,190.0,532.0,72.0,93.0
dataset1/person_3_330,171.0,536.0,73.0,91.0
dataset1/person_3_331,157.0,541.0,70.0,86.0
dataset1/person_3_332,145.0,542.0,76.0,91.0
dataset1/person_3_333,134.0,544.0,80.0,96.0
dataset1/person_3_334,133.0,544.0,81.0,97.0
dataset1/person_3_335,126.0,546.0,81.0,94.0
dataset1/person_3_336,117.0,549.0,83.0,96.0
dataset1/person_3_337,109.0,552.0,80.0,90.0
dataset1/person_3_338,98.0,555.0,84.0,91.0
dataset1/person_3_339,98.0,555.0,86.0,91.0
dataset1/person_3_340,86.0,556.0,86.0,89.0
dataset1/person_3_341,74.0,556.0,91.0,92.0
dataset1/person_3_342,65.0,557.0,92.0,90.0
dataset1/person_3_343,61.0,557.0,90.0,89.0
dataset1/person_3_344,61.0,557.0,92.0,92.0
dataset1/person_3_345,57.0,557.0,89.0,87.0
dataset1/person_3_346,53.0,557.0,86.0,85.0
dataset1/person_3_347,49.0,558.0,85.0,85.0
dataset1/person_3_348,42.0,558.0,87.0,87.0
dataset1/person_3_349,42.0,558.0,89.0,88.0
dataset1/person_3_350,34.0,559.0,88.0,84.0
dataset1/person_3_351,26.0,560.0,89.0,81.0
dataset1/person_3_352,19.0,561.0,90.0,78.0
dataset1/person_3_353,11.0,562.0,92.0,75.0
dataset1/person_3_354,9.0,562.0,98.0,75.0
dataset1/person_3_355,2.0,563.0,97.0,71.0
dataset1/person_3_356,1.0,564.0,95.0,65.0
dataset1/person_3_357,0.0,565.0,89.0,62.0
dataset1/person_3_358,0.0,565.0,81.0,60.0
dataset1/person_3_359,0.0,565.0,82.0,61.0
dataset1/person_3_360,0.0,565.0,73.0,58.0
dataset1/person_3_361,0.0,565.0,67.0,56.0
dataset1/person_3_362,0.0,563.0,65.0,57.0
dataset1/person_3_363,0.0,562.0,59.0,53.0
dataset1/person_3_364,0.0,562.0,60.0,55.0
dataset1/person_3_365,0.0,559.0,61.0,56.0
dataset1/person_3_366,1.0,554.0,64.0,60.0
dataset1/person_3_367,0.0,548.0,68.0,63.0
dataset1/person_3_368,0.0,541.0,74.0,67.0
dataset1/person_3_369,0.0,542.0,73.0,65.0
dataset1/person_3_370,2.0,536.0,83.0,73.0
dataset1/person_3_371,3.0,530.0,95.0,82.0
dataset1/person_3_372,8.0,525.0,105.0,89.0
dataset1/person_3_373,31.0,524.0,104.0,91.0
dataset1/person_3_374,35.0,523.0,99.0,93.0
dataset1/person_3_375,48.0,522.0,101.0,97.0
dataset1/person_3_376,62.0,519.0,102.0,99.0
dataset1/person_3_377,77.0,520.0,99.0,99.0
dataset1/person_3_378,101.0,522.0,94.0,96.0
dataset1/person_3_379,101.0,523.0,93.0,95.0
dataset1/person_3_380,122.0,528.0,92.0,103.0
dataset1/person_3_381,152.0,532.0,82.0,98.0
dataset1/person_3_382,177.0,538.0,82.0,104.0
dataset1/person_3_383,195.0,546.0,82.0,107.0
dataset1/person_3_384,195.0,545.0,82.0,116.0
dataset1/person_3_385,215.0,553.0,87.0,119.0
dataset1/person_3_386,230.0,559.0,88.0,119.0
dataset1/person_3_387,248.0,566.0,91.0,120.0
dataset1/person_3_388,265.0,572.0,92.0,116.0
dataset1/person_3_389,265.0,573.0,92.0,115.0
dataset1/person_3_390,282.0,576.0,86.0,107.0
dataset1/person_3_391,299.0,577.0,82.0,108.0
dataset1/person_3_392,318.0,581.0,80.0,108.0
dataset1/person_3_393,323.0,582.0,84.0,116.0
dataset1/person_3_394,324.0,585.0,82.0,112.0
dataset1/person_3_395,328.0,583.0,86.0,114.0
dataset1/person_3_396,323.0,582.0,93.0,114.0
dataset1/person_3_397,319.0,579.0,85.0,107.0
dataset1/person_3_398,313.0,574.0,82.0,107.0
dataset1/person_3_399,315.0,574.0,79.0,105.0
dataset1/person_3_400,305.0,563.0,78.0,105.0
dataset1/person_3_401,299.0,549.0,69.0,98.0
dataset1/person_3_402,294.0,535.0,58.0,88.0
dataset1/person_3_403,280.0,517.0,52.0,96.0
dataset1/person_3_404,282.0,517.0,46.0,96.0
dataset1/person_3_405,271.0,498.0,44.0,99.0
dataset1/person_3_406,260.0,480.0,50.0,112.0
dataset1/person_3_407,254.0,463.0,51.0,109.0
dataset1/person_3_408,255.0,450.0,53.0,111.0
dataset1/person_3_409,255.0,449.0,53.0,107.0
dataset1/person_3_410,263.0,435.0,54.0,102.0
dataset1/person_3_411,271.0,424.0,52.0,87.0
dataset1/person_3_412,275.0,414.0,47.0,70.0
dataset1/person_3_413,276.0,402.0,48.0,67.0
dataset1/person_3_414,277.0,403.0,48.0,63.0
dataset1/person_3_415,277.0,402.0,43.0,57.0
dataset1/person_3_416,275.0,404.0,41.0,52.0
dataset1/person_3_417,273.0,405.0,44.0,53.0
dataset1/person_3_418,272.0,399.0,47.0,56.0
dataset1/person_3_419,273.0,397.0,51.0,59.0
dataset1/person_3_420,269.0,393.0,59.0,73.0
dataset1/person_3_421,264.0,385.0,60.0,78.0
dataset1/person_3_422,261.0,382.0,55.0,73.0
dataset1/person_3_423,258.0,378.0,58.0,76.0
dataset1/person_3_424,256.0,379.0,57.0,77.0
dataset1/person_3_425,252.0,373.0,58.0,79.0
dataset1/person_3_426,259.0,370.0,62.0,80.0
dataset1/person_3_427,264.0,366.0,67.0,79.0
dataset1/person_3_428,259.0,363.0,72.0,80.0
dataset1/person_3_429,258.0,363.0,75.0,79.0
dataset1/person_3_430,246.0,359.0,77.0,80.0
dataset1/person_3_431,233.0,356.0,76.0,79.0
dataset1/person_3_432,223.0,353.0,76.0,81.0
dataset1/person_3_433,221.0,351.0,75.0,77.0
dataset1/person_3_434,221.0,351.0,76.0,78.0
dataset1/person_3_435,223.0,349.0,75.0,77.0
dataset1/person_3_436,227.0,347.0,74.0,74.0
dataset1/person_3_437,228.0,346.0,71.0,67.0
dataset1/person_3_438,231.0,344.0,71.0,63.0
dataset1/person_3_439,231.0,345.0,72.0,60.0
dataset1/person_3_440,232.0,345.0,71.0,57.0
dataset1/person_3_441,234.0,344.0,72.0,55.0
dataset1/person_3_442,235.0,344.0,70.0,53.0
dataset1/person_3_443,237.0,343.0,69.0,53.0
dataset1/person_3_444,237.0,343.0,70.0,53.0
dataset1/person_3_445,236.0,341.0,68.0,56.0
dataset1/person_3_446,239.0,338.0,67.0,60.0
dataset1/person_3_447,239.0,335.0,65.0,62.0
dataset1/person_3_448,240.0,332.0,64.0,64.0
dataset1/person_3_449,240.0,332.0,64.0,63.0
dataset1/person_3_450,240.0,329.0,62.0,62.0
dataset1/person_3_451,241.0,325.0,61.0,60.0
dataset1/person_3_452,239.0,321.0,62.0,59.0
dataset1/person_3_453,238.0,321.0,62.0,59.0
dataset1/person_3_454,237.0,320.0,64.0,61.0
dataset1/person_3_455,236.0,318.0,63.0,59.0
dataset1/person_3_456,232.0,317.0,64.0,60.0
dataset1/person_3_457,231.0,316.0,64.0,62.0
dataset1/person_3_458,227.0,313.0,65.0,65.0
dataset1/person_3_459,227.0,313.0,65.0,64.0
dataset1/person_3_460,224.0,314.0,66.0,65.0
dataset1/person_3_461,220.0,313.0,67.0,66.0
dataset1/person_3_462,214.0,315.0,71.0,69.0
dataset1/person_3_463,209.0,320.0,72.0,66.0
dataset1/person_3_464,210.0,321.0,71.0,63.0
dataset1/person_3_465,204.0,323.0,73.0,67.0
dataset1/person_3_466,203.0,323.0,73.0,71.0
dataset1/person_3_467,202.0,335.0,69.0,69.0
dataset1/person_3_468,198.0,357.0,65.0,65.0
dataset1/person_3_469,202.0,357.0,61.0,61.0
dataset1/person_3_470,199.0,365.0,59.0,60.0
dataset1/person_3_471,197.0,373.0,50.0,53.0
dataset1/person_3_472,196.0,398.0,44.0,45.0
dataset1/person_3_473,196.0,412.0,38.0,36.0
dataset1/person_3_474,198.0,414.0,35.0,33.0
dataset1/person_3_475,196.0,422.0,28.0,26.0
dataset1/person_3_476,198.0,431.0,22.0,20.0
dataset1/person_3_477,199.0,439.0,19.0,16.0
dataset1/person_3_478,0.0,0.0,0.0,0.0
dataset1/person_3_479,0.0,0.0,0.0,0.0
dataset1/person_3_480,0.0,0.0,0.0,0.0
dataset1/person_3_481,0.0,0.0,0.0,0.0
dataset1/person_3_482,0.0,0.0,0.0,0.0
dataset1/person_3_483,0.0,0.0,0.0,0.0
dataset1/person_3_484,0.0,0.0,0.0,0.0
dataset1/person_3_485,0.0,0.0,0.0,0.0
dataset1/person_3_486,0.0,0.0,0.0,0.0
dataset1/person_3_487,0.0,0.0,0.0,0.0
dataset1/person_3_488,0.0,0.0,0.0,0.0
dataset1/person_3_489,0.0,0.0,0.0,0.0
dataset1/person_3_490,0.0,0.0,0.0,0.0
dataset1/person_3_491,0.0,0.0,0.0,0.0
dataset1/person_3_492,0.0,0.0,0.0,0.0
dataset1/person_3_493,0.0,0.0,0.0,0.0
dataset1/person_3_494,0.0,0.0,0.0,0.0
dataset1/person_3_495,0.0,0.0,0.0,0.0
dataset1/person_3_496,0.0,0.0,0.0,0.0
dataset1/person_3_497,0.0,0.0,0.0,0.0
dataset1/person_3_498,191.0,410.0,72.0,69.0
dataset1/person_3_499,206.0,382.0,66.0,67.0
dataset1/person_3_500,211.0,383.0,59.0,60.0
dataset1/person_3_501,210.0,385.0,58.0,59.0
dataset1/person_3_502,201.0,388.0,64.0,61.0
dataset1/person_3_503,195.0,387.0,71.0,64.0
dataset1/person_3_504,190.0,389.0,74.0,63.0
dataset1/person_3_505,188.0,390.0,76.0,61.0
dataset1/person_3_506,185.0,391.0,78.0,61.0
dataset1/person_3_507,184.0,391.0,79.0,60.0
dataset1/person_3_508,184.0,392.0,79.0,60.0
dataset1/person_3_509,182.0,391.0,78.0,60.0
dataset1/person_3_510,179.0,390.0,79.0,61.0
dataset1/person_3_511,176.0,389.0,79.0,61.0
dataset1/person_3_512,173.0,387.0,79.0,61.0
dataset1/person_3_513,174.0,387.0,79.0,61.0
dataset1/person_3_514,171.0,386.0,80.0,61.0
dataset1/person_3_515,169.0,385.0,80.0,60.0
dataset1/person_3_516,167.0,384.0,81.0,60.0
dataset1/person_3_517,164.0,382.0,79.0,59.0
dataset1/person_3_518,165.0,382.0,81.0,60.0
dataset1/person_3_519,164.0,381.0,80.0,59.0
dataset1/person_3_520,161.0,378.0,80.0,60.0
dataset1/person_3_521,160.0,376.0,79.0,60.0
dataset1/person_3_522,159.0,374.0,79.0,60.0
dataset1/person_3_523,158.0,374.0,79.0,60.0
dataset1/person_3_524,158.0,372.0,78.0,59.0
dataset1/person_3_525,156.0,369.0,79.0,59.0
dataset1/person_3_526,155.0,365.0,78.0,58.0
dataset1/person_3_527,155.0,362.0,78.0,58.0
dataset1/person_3_528,155.0,362.0,78.0,59.0
dataset1/person_3_529,154.0,358.0,78.0,59.0
dataset1/person_3_530,154.0,355.0,77.0,58.0
dataset1/person_3_531,153.0,351.0,78.0,57.0
dataset1/person_3_532,152.0,348.0,79.0,56.0
dataset1/person_3_533,153.0,349.0,78.0,56.0
dataset1/person_3_534,152.0,346.0,78.0,56.0
dataset1/person_3_535,153.0,343.0,78.0,57.0
dataset1/person_3_536,151.0,339.0,79.0,59.0
dataset1/person_3_537,152.0,334.0,80.0,61.0
dataset1/person_3_538,152.0,335.0,80.0,61.0
dataset1/person_3_539,151.0,331.0,81.0,62.0
dataset1/person_3_540,151.0,328.0,81.0,63.0
dataset1/person_3_541,152.0,324.0,79.0,63.0
dataset1/person_3_542,152.0,322.0,78.0,64.0
dataset1/person_3_543,152.0,322.0,78.0,64.0
dataset1/person_3_544,151.0,319.0,78.0,65.0
dataset1/person_3_545,151.0,316.0,79.0,66.0
dataset1/person_3_546,149.0,313.0,81.0,67.0
dataset1/person_3_547,149.0,311.0,81.0,67.0
dataset1/person_3_548,149.0,311.0,82.0,67.0
dataset1/person_3_549,148.0,308.0,82.0,66.0
dataset1/person_3_550,147.0,307.0,82.0,66.0
dataset1/person_3_551,147.0,305.0,83.0,67.0
dataset1/person_3_552,146.0,303.0,84.0,67.0
dataset1/person_3_553,146.0,303.0,84.0,67.0
dataset1/person_3_554,145.0,301.0,83.0,67.0
dataset1/person_3_555,145.0,301.0,84.0,67.0
dataset1/person_3_556,145.0,300.0,84.0,68.0
dataset1/person_3_557,145.0,299.0,83.0,68.0
dataset1/person_3_558,144.0,299.0,83.0,68.0
dataset1/person_3_559,144.0,298.0,83.0,69.0
dataset1/person_3_560,145.0,299.0,84.0,69.0
dataset1/person_3_561,144.0,299.0,84.0,68.0
dataset1/person_3_562,145.0,299.0,82.0,66.0
dataset1/person_3_563,144.0,299.0,83.0,67.0
dataset1/person_3_564,145.0,300.0,82.0,65.0
dataset1/person_3_565,145.0,301.0,82.0,64.0
dataset1/person_3_566,146.0,302.0,82.0,63.0
dataset1/person_3_567,146.0,303.0,83.0,63.0
dataset1/person_3_568,146.0,303.0,84.0,63.0
dataset1/person_3_569,147.0,304.0,83.0,62.0
dataset1/person_3_570,147.0,305.0,83.0,62.0
dataset1/person_3_571,150.0,306.0,81.0,62.0
dataset1/person_3_572,150.0,307.0,81.0,62.0
dataset1/person_3_573,151.0,307.0,81.0,62.0
dataset1/person_3_574,151.0,308.0,82.0,62.0
dataset1/person_3_575,154.0,309.0,80.0,60.0
dataset1/person_3_576,157.0,310.0,79.0,60.0
dataset1/person_3_577,157.0,311.0,80.0,61.0
dataset1/person_3_578,157.0,311.0,80.0,60.0
dataset1/person_3_579,160.0,311.0,80.0,60.0
dataset1/person_3_580,162.0,312.0,80.0,59.0
dataset1/person_3_581,164.0,313.0,80.0,59.0
dataset1/person_3_582,166.0,313.0,80.0,58.0
dataset1/person_3_583,166.0,313.0,81.0,58.0
dataset1/person_3_584,168.0,314.0,81.0,57.0
dataset1/person_3_585,171.0,315.0,81.0,57.0
dataset1/person_3_586,173.0,316.0,81.0,57.0
dataset1/person_3_587,176.0,316.0,81.0,56.0
dataset1/person_3_588,176.0,317.0,81.0,56.0
dataset1/person_3_589,179.0,318.0,81.0,56.0
dataset1/person_3_590,181.0,319.0,81.0,56.0
dataset1/person_3_591,184.0,320.0,82.0,56.0
dataset1/person_3_592,187.0,322.0,82.0,55.0
dataset1/person_3_593,188.0,321.0,82.0,55.0
dataset1/person_3_594,191.0,323.0,81.0,54.0
dataset1/person_3_595,194.0,324.0,81.0,55.0
dataset1/person_3_596,198.0,326.0,79.0,53.0
dataset1/person_3_597,212.0,328.0,70.0,50.0
dataset1/person_3_598,210.0,328.0,70.0,51.0
dataset1/person_3_599,216.0,332.0,67.0,49.0
dataset1/person_3_600,218.0,334.0,68.0,49.0
dataset1/person_3_601,223.0,335.0,66.0,48.0
dataset1/person_3_602,234.0,340.0,59.0,44.0
dataset1/person_3_603,233.0,340.0,60.0,46.0
dataset1/person_3_604,235.0,342.0,59.0,45.0
dataset1/person_3_605,245.0,348.0,51.0,38.0
dataset1/person_3_606,248.0,355.0,50.0,35.0
dataset1/person_3_607,252.0,363.0,49.0,31.0
dataset1/person_3_608,251.0,363.0,50.0,30.0
dataset1/person_3_609,256.0,369.0,49.0,26.0
dataset1/person_3_610,263.0,371.0,45.0,23.0
dataset1/person_3_611,281.0,371.0,31.0,17.0
dataset1/person_3_612,287.0,372.0,27.0,16.0
dataset1/person_3_613,288.0,372.0,25.0,16.0
dataset1/person_3_614,284.0,371.0,29.0,19.0
dataset1/person_3_615,280.0,374.0,32.0,19.0
dataset1/person_3_616,282.0,374.0,27.0,17.0
dataset1/person_3_617,281.0,374.0,25.0,17.0
dataset1/person_3_618,282.0,374.0,24.0,17.0
dataset1/person_3_619,277.0,372.0,25.0,18.0
dataset1/person_3_620,272.0,371.0,26.0,20.0
dataset1/person_3_621,267.0,371.0,27.0,21.0
dataset1/person_3_622,265.0,374.0,25.0,19.0
dataset1/person_3_623,265.0,374.0,25.0,19.0
dataset1/person_3_624,261.0,374.0,24.0,18.0
dataset1/person_3_625,256.0,376.0,24.0,17.0
dataset1/person_3_626,253.0,376.0,23.0,17.0
dataset1/person_3_627,249.0,376.0,23.0,18.0
dataset1/person_3_628,249.0,375.0,23.0,19.0
dataset1/person_3_629,244.0,374.0,23.0,19.0
dataset1/person_3_630,240.0,375.0,23.0,19.0
dataset1/person_3_631,235.0,376.0,23.0,19.0
dataset1/person_3_632,233.0,377.0,22.0,18.0
dataset1/person_3_633,232.0,378.0,23.0,18.0
dataset1/person_3_634,230.0,379.0,21.0,17.0
dataset1/person_3_635,228.0,381.0,20.0,15.0
dataset1/person_3_636,224.0,381.0,20.0,15.0
dataset1/person_3_637,220.0,381.0,20.0,16.0
dataset1/person_3_638,220.0,381.0,20.0,17.0
dataset1/person_3_639,218.0,381.0,19.0,17.0
dataset1/person_3_640,217.0,381.0,19.0,18.0
dataset1/person_3_641,215.0,381.0,19.0,18.0
dataset1/person_3_642,216.0,384.0,19.0,17.0
dataset1/person_3_643,216.0,383.0,20.0,18.0
dataset1/person_3_644,209.0,390.0,18.0,16.0
dataset1/person_3_645,218.0,385.0,21.0,20.0
dataset1/person_3_646,0.0,0.0,0.0,0.0
dataset1/person_3_647,0.0,0.0,0.0,0.0
dataset1/person_3_648,0.0,0.0,0.0,0.0
dataset1/person_3_649,0.0,0.0,0.0,0.0
dataset1/person_3_650,0.0,0.0,0.0,0.0
dataset1/person_3_651,0.0,0.0,0.0,0.0
dataset1/person_3_652,0.0,0.0,0.0,0.0
dataset1/person_3_653,0.0,0.0,0.0,0.0
dataset1/person_3_654,0.0,0.0,0.0,0.0
dataset1/person_3_655,0.0,0.0,0.0,0.0
dataset1/person_3_656,0.0,0.0,0.0,0.0
dataset1/person_3_657,0.0,0.0,0.0,0.0
dataset1/person_3_658,0.0,0.0,0.0,0.0
dataset1/person_3_659,0.0,0.0,0.0,0.0
dataset1/person_3_660,0.0,0.0,0.0,0.0
dataset1/person_3_661,0.0,0.0,0.0,0.0
dataset1/person_3_662,0.0,0.0,0.0,0.0
dataset1/person_3_663,0.0,0.0,0.0,0.0
dataset1/person_3_664,0.0,0.0,0.0,0.0
dataset1/person_3_665,0.0,0.0,0.0,0.0
dataset1/person_3_666,0.0,0.0,0.0,0.0
dataset1/person_3_667,0.0,0.0,0.0,0.0
dataset1/person_3_668,0.0,0.0,0.0,0.0
dataset1/person_3_669,0.0,0.0,0.0,0.0
dataset1/person_3_670,0.0,0.0,0.0,0.0
dataset1/person_3_671,0.0,0.0,0.0,0.0
dataset1/person_3_672,0.0,0.0,0.0,0.0
dataset1/person_3_673,0.0,0.0,0.0,0.0
dataset1/person_3_674,0.0,0.0,0.0,0.0
dataset1/person_3_675,0.0,0.0,0.0,0.0
dataset1/person_3_676,0.0,0.0,0.0,0.0
dataset1/person_3_677,0.0,0.0,0.0,0.0
dataset1/person_3_678,0.0,0.0,0.0,0.0
dataset1/person_3_679,0.0,0.0,0.0,0.0
dataset1/person_3_680,0.0,0.0,0.0,0.0
dataset1/person_3_681,0.0,0.0,0.0,0.0
dataset1/person_3_682,0.0,0.0,0.0,0.0
dataset1/person_3_683,0.0,0.0,0.0,0.0
dataset1/person_3_684,0.0,0.0,0.0,0.0
dataset1/person_3_685,0.0,0.0,0.0,0.0
dataset1/person_3_686,0.0,0.0,0.0,0.0
dataset1/person_3_687,0.0,0.0,0.0,0.0
dataset1/person_3_688,0.0,0.0,0.0,0.0
dataset1/person_3_689,0.0,0.0,0.0,0.0
dataset1/person_3_690,217.0,413.0,41.0,28.0
dataset1/person_3_691,233.0,407.0,32.0,24.0
dataset1/person_3_692,244.0,413.0,23.0,18.0
dataset1/person_3_693,247.0,413.0,19.0,15.0
dataset1/person_3_694,243.0,416.0,22.0,16.0
dataset1/person_3_695,242.0,413.0,24.0,18.0
dataset1/person_3_696,246.0,406.0,23.0,19.0
dataset1/person_3_697,246.0,402.0,18.0,17.0
dataset1/person_3_698,247.0,402.0,17.0,17.0
dataset1/person_3_699,244.0,399.0,19.0,20.0
dataset1/person_3_700,242.0,396.0,20.0,22.0
dataset1/person_3_701,240.0,397.0,22.0,25.0
dataset1/person_3_702,240.0,398.0,23.0,27.0
dataset1/person_3_703,239.0,398.0,23.0,27.0
dataset1/person_3_704,239.0,397.0,22.0,27.0
dataset1/person_3_705,243.0,391.0,21.0,32.0
dataset1/person_3_706,240.0,397.0,21.0,32.0
dataset1/person_3_707,241.0,399.0,21.0,30.0
dataset1/person_3_708,241.0,401.0,21.0,28.0
dataset1/person_3_709,234.0,389.0,27.0,38.0
dataset1/person_3_710,232.0,390.0,29.0,40.0
dataset1/person_3_711,227.0,395.0,33.0,41.0
dataset1/person_3_712,244.0,397.0,22.0,33.0
dataset1/person_3_713,257.0,395.0,19.0,24.0
dataset1/person_3_714,259.0,382.0,15.0,20.0
dataset1/person_3_715,0.0,0.0,0.0,0.0
dataset1/person_3_716,0.0,0.0,0.0,0.0
dataset1/person_3_717,0.0,0.0,0.0,0.0
dataset1/person_3_718,0.0,0.0,0.0,0.0
dataset1/person_3_719,0.0,0.0,0.0,0.0
dataset1/person_3_720,0.0,0.0,0.0,0.0
dataset1/person_3_721,0.0,0.0,0.0,0.0
dataset1/person_3_722,0.0,0.0,0.0,0.0
dataset1/person_3_723,0.0,0.0,0.0,0.0
dataset1/person_3_724,0.0,0.0,0.0,0.0
dataset1/person_3_725,0.0,0.0,0.0,0.0
dataset1/person_3_726,0.0,0.0,0.0,0.0
dataset1/person_3_727,0.0,0.0,0.0,0.0
dataset1/person_3_728,0.0,0.0,0.0,0.0
dataset1/person_3_729,0.0,0.0,0.0,0.0
dataset1/person_3_730,0.0,0.0,0.0,0.0
dataset1/person_3_731,0.0,0.0,0.0,0.0
dataset1/person_3_732,0.0,0.0,0.0,0.0
dataset1/person_3_733,0.0,0.0,0.0,0.0
dataset1/person_3_734,0.0,0.0,0.0,0.0
dataset1/person_3_735,0.0,0.0,0.0,0.0
dataset1/person_3_736,0.0,0.0,0.0,0.0
dataset1/person_3_737,0.0,0.0,0.0,0.0
dataset1/person_3_738,0.0,0.0,0.0,0.0
dataset1/person_3_739,0.0,0.0,0.0,0.0
dataset1/person_3_740,0.0,0.0,0.0,0.0
dataset1/person_3_741,0.0,0.0,0.0,0.0
dataset1/person_3_742,0.0,0.0,0.0,0.0
dataset1/person_3_743,0.0,0.0,0.0,0.0
dataset1/person_3_744,0.0,0.0,0.0,0.0
dataset1/person_3_745,0.0,0.0,0.0,0.0
dataset1/person_3_746,0.0,0.0,0.0,0.0
dataset1/person_3_747,0.0,0.0,0.0,0.0
dataset1/person_3_748,0.0,0.0,0.0,0.0
dataset1/person_3_749,0.0,0.0,0.0,0.0
dataset1/person_3_750,0.0,0.0,0.0,0.0
dataset1/person_3_751,0.0,0.0,0.0,0.0
dataset1/person_3_752,0.0,0.0,0.0,0.0
dataset1/person_3_753,0.0,0.0,0.0,0.0
dataset1/person_3_754,0.0,0.0,0.0,0.0
dataset1/person_3_755,0.0,0.0,0.0,0.0
dataset1/person_3_756,0.0,0.0,0.0,0.0
dataset1/person_3_757,0.0,0.0,0.0,0.0
dataset1/person_3_758,0.0,0.0,0.0,0.0
dataset1/person_3_759,0.0,0.0,0.0,0.0
dataset1/person_3_760,0.0,0.0,0.0,0.0
dataset1/person_3_761,0.0,0.0,0.0,0.0
dataset1/person_3_762,0.0,0.0,0.0,0.0
dataset1/person_3_763,0.0,0.0,0.0,0.0
dataset1/person_3_764,0.0,0.0,0.0,0.0
dataset1/person_3_765,0.0,0.0,0.0,0.0
dataset1/person_3_766,0.0,0.0,0.0,0.0
dataset1/person_3_767,0.0,0.0,0.0,0.0
dataset1/person_3_768,0.0,0.0,0.0,0.0
dataset1/person_3_769,0.0,0.0,0.0,0.0
dataset1/person_3_770,0.0,0.0,0.0,0.0
dataset1/person_3_771,0.0,0.0,0.0,0.0
dataset1/person_3_772,0.0,0.0,0.0,0.0
dataset1/person_3_773,0.0,0.0,0.0,0.0
dataset1/person_3_774,0.0,0.0,0.0,0.0
dataset1/person_3_775,0.0,0.0,0.0,0.0
dataset1/person_3_776,0.0,0.0,0.0,0.0
dataset1/person_3_777,0.0,0.0,0.0,0.0
dataset1/person_3_778,0.0,0.0,0.0,0.0
dataset1/person_3_779,0.0,0.0,0.0,0.0
dataset1/person_3_780,0.0,0.0,0.0,0.0
dataset1/person_3_781,0.0,0.0,0.0,0.0
dataset1/person_3_782,0.0,0.0,0.0,0.0
dataset1/person_3_783,0.0,0.0,0.0,0.0
dataset1/person_3_784,0.0,0.0,0.0,0.0
dataset1/person_3_785,0.0,0.0,0.0,0.0
dataset1/person_3_786,0.0,0.0,0.0,0.0
dataset1/person_3_787,0.0,0.0,0.0,0.0
dataset1/person_3_788,0.0,0.0,0.0,0.0
dataset1/person_3_789,0.0,0.0,0.0,0.0
dataset1/person_3_790,0.0,0.0,0.0,0.0
dataset1/person_3_791,0.0,0.0,0.0,0.0
dataset1/person_3_792,69.0,496.0,31.0,23.0
dataset1/person_3_793,45.0,479.0,39.0,32.0
dataset1/person_3_794,44.0,471.0,45.0,39.0
dataset1/person_3_795,44.0,467.0,53.0,43.0
dataset1/person_3_796,57.0,464.0,72.0,52.0
dataset1/person_3_797,41.0,461.0,89.0,57.0
dataset1/person_3_798,49.0,458.0,84.0,53.0
dataset1/person_3_799,55.0,454.0,78.0,50.0
dataset1/person_3_800,70.0,451.0,72.0,47.0
dataset1/person_3_801,81.0,446.0,67.0,42.0
dataset1/person_3_802,82.0,447.0,66.0,39.0
dataset1/person_3_803,82.0,443.0,80.0,49.0
dataset1/person_3_804,97.0,437.0,79.0,48.0
dataset1/person_3_805,117.0,431.0,70.0,46.0
dataset1/person_3_806,130.0,423.0,67.0,45.0
dataset1/person_3_807,134.0,423.0,63.0,45.0
dataset1/person_3_808,144.0,414.0,64.0,50.0
dataset1/person_3_809,156.0,406.0,62.0,52.0
dataset1/person_3_810,169.0,398.0,60.0,53.0
dataset1/person_3_811,183.0,388.0,58.0,51.0
dataset1/person_3_812,182.0,388.0,60.0,52.0
dataset1/person_3_813,196.0,379.0,59.0,52.0
dataset1/person_3_814,211.0,370.0,58.0,54.0
dataset1/person_3_815,224.0,360.0,62.0,65.0
dataset1/person_3_816,238.0,350.0,60.0,70.0
dataset1/person_3_817,239.0,350.0,59.0,70.0
dataset1/person_3_818,251.0,345.0,63.0,84.0
dataset1/person_3_819,264.0,345.0,61.0,84.0
dataset1/person_3_820,273.0,350.0,61.0,86.0
dataset1/person_3_821,279.0,360.0,62.0,92.0
dataset1/person_3_822,283.0,359.0,60.0,90.0
dataset1/person_3_823,287.0,370.0,63.0,95.0
dataset1/person_3_824,296.0,379.0,65.0,96.0
dataset1/person_3_825,301.0,391.0,67.0,93.0
dataset1/person_3_826,305.0,397.0,69.0,91.0
dataset1/person_3_827,305.0,396.0,71.0,92.0
dataset1/person_3_828,310.0,400.0,70.0,89.0
dataset1/person_3_829,316.0,403.0,70.0,90.0
dataset1/person_3_830,323.0,406.0,69.0,90.0
dataset1/person_3_831,330.0,411.0,67.0,89.0
dataset1/person_3_832,331.0,411.0,66.0,91.0
dataset1/person_3_833,336.0,413.0,64.0,89.0
dataset1/person_3_834,341.0,413.0,63.0,89.0
dataset1/person_3_835,343.0,412.0,62.0,91.0
dataset1/person_3_836,346.0,409.0,61.0,91.0
dataset1/person_3_837,346.0,408.0,59.0,92.0
dataset1/person_3_838,346.0,406.0,61.0,95.0
dataset1/person_3_839,346.0,404.0,60.0,96.0
dataset1/person_3_840,346.0,401.0,60.0,97.0
dataset1/person_3_841,345.0,399.0,59.0,97.0
dataset1/person_3_842,345.0,399.0,58.0,97.0
dataset1/person_3_843,344.0,398.0,58.0,96.0
dataset1/person_3_844,344.0,396.0,57.0,95.0
dataset1/person_3_845,343.0,394.0,56.0,94.0
dataset1/person_3_846,341.0,392.0,55.0,95.0
dataset1/person_3_847,342.0,392.0,53.0,94.0
dataset1/person_3_848,340.0,391.0,52.0,96.0
dataset1/person_3_849,337.0,391.0,51.0,94.0
dataset1/person_3_850,334.0,392.0,50.0,91.0
dataset1/person_3_851,331.0,393.0,48.0,89.0
dataset1/person_3_852,331.0,392.0,48.0,91.0
dataset1/person_3_853,326.0,394.0,47.0,88.0
dataset1/person_3_854,321.0,395.0,46.0,87.0
dataset1/person_3_855,315.0,395.0,47.0,91.0
dataset1/person_3_856,310.0,395.0,47.0,93.0
dataset1/person_3_857,311.0,396.0,45.0,94.0
dataset1/person_3_858,305.0,396.0,46.0,93.0
dataset1/person_3_859,301.0,397.0,46.0,92.0
dataset1/person_3_860,298.0,398.0,46.0,92.0
dataset1/person_3_861,292.0,398.0,47.0,93.0
dataset1/person_3_862,292.0,398.0,47.0,93.0
dataset1/person_3_863,288.0,399.0,47.0,90.0
dataset1/person_3_864,282.0,401.0,48.0,92.0
dataset1/person_3_865,278.0,400.0,49.0,95.0
dataset1/person_3_866,273.0,400.0,49.0,94.0
dataset1/person_3_867,274.0,401.0,47.0,92.0
dataset1/person_3_868,270.0,402.0,48.0,87.0
dataset1/person_3_869,266.0,403.0,49.0,87.0
dataset1/person_3_870,263.0,403.0,49.0,83.0
dataset1/person_3_871,259.0,404.0,51.0,84.0
dataset1/person_3_872,259.0,404.0,50.0,83.0
dataset1/person_3_873,258.0,404.0,50.0,83.0
dataset1/person_3_874,257.0,404.0,49.0,83.0
dataset1/person_3_875,255.0,403.0,50.0,87.0
dataset1/person_3_876,255.0,402.0,49.0,87.0
dataset1/person_3_877,257.0,401.0,47.0,86.0
dataset1/person_3_878,258.0,402.0,47.0,89.0
dataset1/person_3_879,258.0,400.0,47.0,90.0
dataset1/person_3_880,259.0,400.0,46.0,90.0
dataset1/person_3_881,262.0,398.0,45.0,92.0
dataset1/person_3_882,263.0,398.0,44.0,93.0
dataset1/person_3_883,266.0,398.0,46.0,96.0
dataset1/person_3_884,270.0,396.0,46.0,95.0
dataset1/person_3_885,276.0,394.0,48.0,99.0
dataset1/person_3_886,282.0,393.0,48.0,93.0
dataset1/person_3_887,283.0,392.0,48.0,93.0
dataset1/person_3_888,288.0,389.0,51.0,90.0
dataset1/person_3_889,291.0,387.0,57.0,100.0
dataset1/person_3_890,294.0,385.0,62.0,109.0
dataset1/person_3_891,293.0,383.0,64.0,109.0
dataset1/person_3_892,293.0,384.0,64.0,110.0
dataset1/person_3_893,286.0,382.0,67.0,110.0
dataset1/person_3_894,277.0,378.0,73.0,113.0
dataset1/person_3_895,273.0,374.0,75.0,111.0
dataset1/person_3_896,273.0,371.0,74.0,105.0
dataset1/person_3_897,273.0,373.0,74.0,105.0
dataset1/person_3_898,274.0,369.0,72.0,102.0
dataset1/person_3_899,276.0,365.0,70.0,99.0
dataset1/person_3_900,276.0,363.0,69.0,99.0
dataset1/person_3_901,277.0,360.0,67.0,96.0
dataset1/person_3_902,277.0,359.0,67.0,96.0
dataset1/person_3_903,279.0,359.0,66.0,95.0
dataset1/person_3_904,288.0,357.0,65.0,95.0
dataset1/person_3_905,298.0,356.0,62.0,93.0
dataset1/person_3_906,304.0,355.0,62.0,96.0
dataset1/person_3_907,304.0,354.0,62.0,98.0
dataset1/person_3_908,309.0,354.0,61.0,98.0
dataset1/person_3_909,305.0,354.0,64.0,103.0
dataset1/person_3_910,299.0,354.0,67.0,108.0
dataset1/person_3_911,294.0,356.0,68.0,111.0
dataset1/person_3_912,293.0,355.0,70.0,115.0
dataset1/person_3_913,288.0,358.0,69.0,114.0
dataset1/person_3_914,289.0,363.0,67.0,115.0
dataset1/person_3_915,289.0,368.0,65.0,118.0
dataset1/person_3_916,289.0,374.0,65.0,121.0
dataset1/person_3_917,290.0,372.0,65.0,124.0
dataset1/person_3_918,289.0,378.0,66.0,126.0
dataset1/person_3_919,291.0,384.0,63.0,122.0
dataset1/person_3_920,289.0,391.0,65.0,122.0
dataset1/person_3_921,291.0,397.0,65.0,117.0
dataset1/person_3_922,291.0,397.0,66.0,117.0
dataset1/person_3_923,295.0,405.0,66.0,117.0
dataset1/person_3_924,301.0,413.0,64.0,114.0
dataset1/person_3_925,304.0,421.0,64.0,115.0
dataset1/person_3_926,313.0,430.0,61.0,108.0
dataset1/person_3_927,312.0,430.0,62.0,111.0
dataset1/person_3_928,316.0,439.0,63.0,112.0
dataset1/person_3_929,315.0,438.0,64.0,113.0
dataset1/sheeps_0,1138.0,1078.0,194.0,79.0
dataset1/sheeps_1,1142.0,1078.0,195.0,77.0
dataset1/sheeps_2,1142.0,1078.0,195.0,77.0
dataset1/sheeps_3,1146.0,1078.0,195.0,74.0
dataset1/sheeps_4,1146.0,1078.0,195.0,74.0
dataset1/sheeps_5,1149.0,1078.0,195.0,74.0
dataset1/sheeps_6,1149.0,1078.0,195.0,74.0
dataset1/sheeps_7,1149.0,1078.0,195.0,74.0
dataset1/sheeps_8,1149.0,1075.0,195.0,74.0
dataset1/sheeps_9,1149.0,1075.0,195.0,74.0
dataset1/sheeps_10,1149.0,1075.0,195.0,74.0
dataset1/sheeps_11,1152.0,1075.0,195.0,74.0
dataset1/sheeps_12,1152.0,1072.0,195.0,74.0
dataset1/sheeps_13,1152.0,1075.0,195.0,74.0
dataset1/sheeps_14,1152.0,1072.0,192.0,74.0
dataset1/sheeps_15,1152.0,1072.0,195.0,74.0
dataset1/sheeps_16,1152.0,1072.0,192.0,70.0
dataset1/sheeps_17,1152.0,1072.0,195.0,70.0
dataset1/sheeps_18,1152.0,1072.0,195.0,70.0
dataset1/sheeps_19,1152.0,1072.0,195.0,70.0
dataset1/sheeps_20,1152.0,1075.0,195.0,70.0
dataset1/sheeps_21,1152.0,1072.0,195.0,70.0
dataset1/sheeps_22,1146.0,1072.0,195.0,70.0
dataset1/sheeps_23,1152.0,1072.0,198.0,70.0
dataset1/sheeps_24,1149.0,1072.0,198.0,70.0
dataset1/sheeps_25,1146.0,1072.0,198.0,70.0
dataset1/sheeps_26,1152.0,1072.0,198.0,70.0
dataset1/sheeps_27,1146.0,1072.0,198.0,70.0
dataset1/sheeps_28,1149.0,1072.0,198.0,70.0
dataset1/sheeps_29,1146.0,1072.0,198.0,70.0
dataset1/sheeps_30,1142.0,1072.0,198.0,70.0
dataset1/sheeps_31,1142.0,1072.0,202.0,70.0
dataset1/sheeps_32,1142.0,1072.0,202.0,70.0
dataset1/sheeps_33,1139.0,1072.0,202.0,70.0
dataset1/sheeps_34,1139.0,1072.0,205.0,74.0
dataset1/sheeps_35,1142.0,1072.0,205.0,74.0
dataset1/sheeps_36,1142.0,1072.0,202.0,74.0
dataset1/sheeps_37,1139.0,1072.0,202.0,74.0
dataset1/sheeps_38,1142.0,1072.0,205.0,74.0
dataset1/sheeps_39,1136.0,1072.0,202.0,74.0
dataset1/sheeps_40,1136.0,1072.0,205.0,74.0
dataset1/sheeps_41,1133.0,1072.0,205.0,74.0
dataset1/sheeps_42,1130.0,1072.0,205.0,74.0
dataset1/sheeps_43,1130.0,1072.0,205.0,74.0
dataset1/sheeps_44,1130.0,1072.0,205.0,74.0
dataset1/sheeps_45,1126.0,1069.0,205.0,74.0
dataset1/sheeps_46,1126.0,1069.0,205.0,74.0
dataset1/sheeps_47,1123.0,1069.0,205.0,74.0
dataset1/sheeps_48,1130.0,1069.0,202.0,74.0
dataset1/sheeps_49,1123.0,1069.0,202.0,74.0
dataset1/sheeps_50,1126.0,1066.0,198.0,74.0
dataset1/sheeps_51,1123.0,1066.0,202.0,74.0
dataset1/sheeps_52,1120.0,1066.0,205.0,74.0
dataset1/sheeps_53,1126.0,1062.0,202.0,74.0
dataset1/sheeps_54,1120.0,1062.0,202.0,74.0
dataset1/sheeps_55,1117.0,1062.0,205.0,74.0
dataset1/sheeps_56,1120.0,1059.0,205.0,74.0
dataset1/sheeps_57,1114.0,1059.0,205.0,74.0
dataset1/sheeps_58,1117.0,1059.0,205.0,74.0
dataset1/sheeps_59,1110.0,1056.0,208.0,74.0
dataset1/sheeps_60,1114.0,1056.0,208.0,74.0
dataset1/sheeps_61,1114.0,1056.0,211.0,74.0
dataset1/sheeps_62,1110.0,1056.0,211.0,74.0
dataset1/sheeps_63,1110.0,1056.0,214.0,74.0
dataset1/sheeps_64,1107.0,1056.0,218.0,74.0
dataset1/sheeps_65,1104.0,1056.0,221.0,74.0
dataset1/sheeps_66,1104.0,1056.0,221.0,74.0
dataset1/sheeps_67,1101.0,1056.0,218.0,74.0
dataset1/sheeps_68,1101.0,1056.0,214.0,74.0
dataset1/sheeps_69,1101.0,1053.0,214.0,74.0
dataset1/sheeps_70,1101.0,1053.0,211.0,74.0
dataset1/sheeps_71,1101.0,1053.0,208.0,70.0
dataset1/sheeps_72,1098.0,1056.0,208.0,70.0
dataset1/sheeps_73,1101.0,1053.0,208.0,70.0
dataset1/sheeps_74,1098.0,1053.0,208.0,70.0
dataset1/sheeps_75,1098.0,1053.0,211.0,70.0
dataset1/sheeps_76,1098.0,1053.0,214.0,70.0
dataset1/sheeps_77,1101.0,1053.0,214.0,70.0
dataset1/sheeps_78,1101.0,1053.0,214.0,70.0
dataset1/sheeps_79,1104.0,1053.0,211.0,67.0
dataset1/sheeps_80,1104.0,1053.0,214.0,67.0
dataset1/sheeps_81,1104.0,1053.0,211.0,64.0
dataset1/sheeps_82,1104.0,1053.0,211.0,64.0
dataset1/sheeps_83,1104.0,1053.0,211.0,64.0
dataset1/sheeps_84,1104.0,1050.0,211.0,67.0
dataset1/sheeps_85,1104.0,1050.0,205.0,67.0
dataset1/sheeps_86,1107.0,1050.0,205.0,67.0
dataset1/sheeps_87,1107.0,1050.0,205.0,67.0
dataset1/sheeps_88,1107.0,1050.0,205.0,67.0
dataset1/sheeps_89,1104.0,1050.0,205.0,67.0
dataset1/sheeps_90,1104.0,1050.0,205.0,67.0
dataset1/sheeps_91,1104.0,1046.0,205.0,67.0
dataset1/sheeps_92,1104.0,1046.0,205.0,67.0
dataset1/sheeps_93,1104.0,1046.0,205.0,70.0
dataset1/sheeps_94,1107.0,1043.0,202.0,70.0
dataset1/sheeps_95,1104.0,1043.0,205.0,74.0
dataset1/sheeps_96,1104.0,1040.0,205.0,77.0
dataset1/sheeps_97,1107.0,1034.0,202.0,77.0
dataset1/sheeps_98,1107.0,1034.0,195.0,77.0
dataset1/sheeps_99,1107.0,1030.0,198.0,80.0
dataset1/sheeps_100,1110.0,1024.0,202.0,83.0
dataset1/sheeps_101,1110.0,1021.0,195.0,83.0
dataset1/sheeps_102,1126.0,1021.0,189.0,83.0
dataset1/sheeps_103,1126.0,1002.0,224.0,93.0
dataset1/sheeps_104,1114.0,1005.0,205.0,90.0
dataset1/sheeps_105,1107.0,1002.0,192.0,86.0
dataset1/sheeps_106,1123.0,1002.0,179.0,83.0
dataset1/sheeps_107,1117.0,992.0,173.0,90.0
dataset1/sheeps_108,1123.0,989.0,170.0,96.0
dataset1/sheeps_109,1139.0,1005.0,173.0,90.0
dataset1/sheeps_110,1133.0,979.0,179.0,106.0
dataset1/sheeps_111,1142.0,973.0,173.0,122.0
dataset1/sheeps_112,1142.0,954.0,163.0,122.0
dataset1/sheeps_113,1152.0,966.0,163.0,134.0
dataset1/sheeps_114,1155.0,950.0,157.0,131.0
dataset1/sheeps_115,1162.0,941.0,150.0,131.0
dataset1/sheeps_116,1165.0,947.0,144.0,131.0
dataset1/sheeps_117,1171.0,979.0,131.0,125.0
dataset1/sheeps_118,1174.0,960.0,128.0,125.0
dataset1/sheeps_119,1184.0,973.0,125.0,118.0
dataset1/sheeps_120,1184.0,960.0,109.0,106.0
dataset1/sheeps_121,1187.0,947.0,112.0,102.0
dataset1/sheeps_122,1187.0,941.0,112.0,99.0
dataset1/sheeps_123,1187.0,931.0,109.0,99.0
dataset1/sheeps_124,1194.0,918.0,112.0,102.0
dataset1/sheeps_125,1190.0,912.0,106.0,99.0
dataset1/sheeps_126,1197.0,912.0,106.0,99.0
dataset1/sheeps_127,1203.0,906.0,106.0,106.0
dataset1/sheeps_128,1213.0,906.0,102.0,109.0
dataset1/sheeps_129,1219.0,915.0,99.0,112.0
dataset1/sheeps_130,1222.0,973.0,96.0,99.0
dataset1/sheeps_131,1226.0,976.0,99.0,93.0
dataset1/sheeps_132,1235.0,986.0,90.0,77.0
dataset1/sheeps_133,1238.0,982.0,86.0,70.0
dataset1/sheeps_134,1242.0,976.0,83.0,67.0
dataset1/sheeps_135,1238.0,966.0,80.0,61.0
dataset1/sheeps_136,1245.0,966.0,83.0,58.0
dataset1/sheeps_137,1242.0,941.0,80.0,67.0
dataset1/sheeps_138,1245.0,906.0,93.0,86.0
dataset1/sheeps_139,1242.0,880.0,93.0,93.0
dataset1/sheeps_140,1245.0,864.0,90.0,93.0
dataset1/sheeps_141,1242.0,854.0,77.0,90.0
dataset1/sheeps_142,1229.0,790.0,83.0,106.0
dataset1/sheeps_143,1194.0,717.0,93.0,122.0
dataset1/sheeps_144,1190.0,707.0,93.0,122.0
dataset1/sheeps_145,1194.0,698.0,96.0,122.0
dataset1/sheeps_146,1190.0,685.0,99.0,118.0
dataset1/sheeps_147,1184.0,675.0,102.0,118.0
dataset1/sheeps_148,1197.0,691.0,99.0,115.0
dataset1/sheeps_149,1219.0,688.0,86.0,112.0
dataset1/sheeps_150,1229.0,685.0,83.0,115.0
dataset1/sheeps_151,1235.0,701.0,80.0,102.0
dataset1/sheeps_152,1270.0,733.0,86.0,102.0
dataset1/sheeps_153,1286.0,736.0,86.0,93.0
dataset1/sheeps_154,1312.0,746.0,93.0,112.0
dataset1/sheeps_155,1312.0,742.0,93.0,118.0
dataset1/sheeps_156,1309.0,733.0,96.0,122.0
dataset1/sheeps_157,1306.0,726.0,102.0,125.0
dataset1/sheeps_158,1302.0,720.0,102.0,125.0
dataset1/sheeps_159,1302.0,720.0,99.0,122.0
dataset1/sheeps_160,1296.0,714.0,106.0,122.0
dataset1/sheeps_161,1293.0,707.0,109.0,118.0
dataset1/sheeps_162,1283.0,701.0,115.0,122.0
dataset1/sheeps_163,1274.0,694.0,115.0,118.0
dataset1/sheeps_164,1264.0,688.0,115.0,115.0
dataset1/sheeps_165,1251.0,682.0,122.0,118.0
dataset1/sheeps_166,1242.0,675.0,122.0,115.0
dataset1/sheeps_167,1235.0,669.0,125.0,115.0
dataset1/sheeps_168,1229.0,662.0,125.0,112.0
dataset1/sheeps_169,1216.0,650.0,125.0,109.0
dataset1/sheeps_170,1210.0,643.0,125.0,109.0
dataset1/sheeps_171,1200.0,637.0,128.0,109.0
dataset1/sheeps_172,1187.0,634.0,131.0,106.0
dataset1/sheeps_173,1178.0,627.0,131.0,106.0
dataset1/sheeps_174,1171.0,627.0,125.0,99.0
dataset1/sheeps_175,1158.0,618.0,125.0,102.0
dataset1/sheeps_176,1149.0,611.0,122.0,99.0
dataset1/sheeps_177,1142.0,605.0,118.0,96.0
dataset1/sheeps_178,1136.0,595.0,122.0,99.0
dataset1/sheeps_179,1130.0,586.0,118.0,96.0
dataset1/sheeps_180,1126.0,586.0,115.0,93.0
dataset1/sheeps_181,1117.0,570.0,118.0,96.0
dataset1/sheeps_182,1107.0,560.0,122.0,102.0
dataset1/sheeps_183,1094.0,544.0,128.0,112.0
dataset1/sheeps_184,1088.0,534.0,128.0,115.0
dataset1/sheeps_185,1085.0,518.0,138.0,122.0
dataset1/sheeps_186,1168.0,426.0,134.0,115.0
dataset1/sheeps_187,1133.0,448.0,109.0,80.0
dataset1/sheeps_188,1146.0,397.0,138.0,106.0
dataset1/sheeps_189,1139.0,390.0,134.0,106.0
dataset1/sheeps_190,1126.0,387.0,134.0,106.0
dataset1/sheeps_191,1117.0,384.0,131.0,102.0
dataset1/sheeps_192,1104.0,374.0,134.0,102.0
dataset1/sheeps_193,1094.0,368.0,138.0,102.0
dataset1/sheeps_194,1082.0,365.0,141.0,99.0
dataset1/sheeps_195,1066.0,358.0,144.0,99.0
dataset1/sheeps_196,1050.0,349.0,147.0,99.0
dataset1/sheeps_197,1037.0,342.0,144.0,96.0
dataset1/sheeps_198,1024.0,333.0,141.0,93.0
dataset1/sheeps_199,1018.0,330.0,141.0,93.0
dataset1/sheeps_200,992.0,317.0,141.0,93.0
dataset1/sheeps_201,1002.0,317.0,131.0,90.0
dataset1/sheeps_202,979.0,304.0,134.0,93.0
dataset1/sheeps_203,976.0,304.0,128.0,90.0
dataset1/sheeps_204,963.0,291.0,131.0,90.0
dataset1/sheeps_205,950.0,285.0,131.0,86.0
dataset1/sheeps_206,944.0,285.0,131.0,86.0
dataset1/sheeps_207,931.0,272.0,134.0,90.0
dataset1/sheeps_208,918.0,262.0,138.0,93.0
dataset1/sheeps_209,906.0,253.0,144.0,96.0
dataset1/sheeps_210,896.0,246.0,144.0,93.0
dataset1/sheeps_211,883.0,237.0,147.0,93.0
dataset1/sheeps_212,870.0,227.0,147.0,93.0
dataset1/sheeps_213,858.0,221.0,147.0,93.0
dataset1/sheeps_214,851.0,214.0,144.0,90.0
dataset1/sheeps_215,845.0,211.0,144.0,90.0
dataset1/sheeps_216,835.0,205.0,144.0,90.0
dataset1/sheeps_217,832.0,202.0,138.0,83.0
dataset1/sheeps_218,822.0,192.0,141.0,86.0
dataset1/sheeps_219,816.0,186.0,144.0,86.0
dataset1/sheeps_220,810.0,182.0,144.0,86.0
dataset1/sheeps_221,800.0,176.0,150.0,93.0
dataset1/sheeps_222,794.0,173.0,150.0,93.0
dataset1/sheeps_223,787.0,166.0,157.0,96.0
dataset1/sheeps_224,778.0,166.0,157.0,96.0
dataset1/sheeps_225,768.0,163.0,160.0,99.0
dataset1/sheeps_226,762.0,160.0,160.0,96.0
dataset1/sheeps_227,755.0,160.0,154.0,90.0
dataset1/sheeps_228,749.0,160.0,150.0,86.0
dataset1/sheeps_229,733.0,154.0,157.0,90.0
dataset1/sheeps_230,730.0,150.0,154.0,86.0
dataset1/sheeps_231,720.0,150.0,154.0,83.0
dataset1/sheeps_232,714.0,154.0,154.0,80.0
dataset1/sheeps_233,707.0,154.0,160.0,83.0
dataset1/sheeps_234,691.0,150.0,160.0,80.0
dataset1/sheeps_235,688.0,150.0,157.0,74.0
dataset1/sheeps_236,678.0,154.0,163.0,70.0
dataset1/sheeps_237,662.0,154.0,170.0,67.0
dataset1/sheeps_238,646.0,150.0,179.0,67.0
dataset1/sheeps_239,643.0,154.0,176.0,64.0
dataset1/sheeps_240,634.0,154.0,179.0,61.0
dataset1/sheeps_241,618.0,157.0,179.0,61.0
dataset1/sheeps_242,611.0,157.0,176.0,58.0
dataset1/sheeps_243,592.0,160.0,176.0,61.0
dataset1/sheeps_244,586.0,157.0,176.0,64.0
dataset1/sheeps_245,586.0,160.0,176.0,67.0
dataset1/sheeps_246,560.0,163.0,173.0,70.0
dataset1/sheeps_247,560.0,166.0,166.0,67.0
dataset1/sheeps_248,563.0,170.0,154.0,64.0
dataset1/sheeps_249,544.0,176.0,157.0,67.0
dataset1/sheeps_250,534.0,179.0,160.0,70.0
dataset1/sheeps_251,518.0,182.0,160.0,70.0
dataset1/sheeps_252,509.0,186.0,157.0,67.0
dataset1/sheeps_253,502.0,192.0,157.0,64.0
dataset1/sheeps_254,493.0,195.0,163.0,67.0
dataset1/sheeps_255,477.0,208.0,166.0,83.0
dataset1/sheeps_256,464.0,208.0,173.0,90.0
dataset1/sheeps_257,454.0,211.0,170.0,86.0
dataset1/sheeps_258,451.0,218.0,163.0,83.0
dataset1/sheeps_259,442.0,224.0,163.0,83.0
dataset1/sheeps_260,442.0,230.0,154.0,77.0
dataset1/sheeps_261,432.0,240.0,150.0,80.0
dataset1/sheeps_262,429.0,243.0,144.0,80.0
dataset1/sheeps_263,432.0,250.0,131.0,74.0
dataset1/sheeps_264,435.0,256.0,125.0,70.0
dataset1/sheeps_265,429.0,262.0,118.0,64.0
dataset1/sheeps_266,429.0,272.0,112.0,54.0
dataset1/sheeps_267,435.0,278.0,106.0,48.0
dataset1/sheeps_268,429.0,282.0,102.0,48.0
dataset1/sheeps_269,432.0,288.0,99.0,45.0
dataset1/sheeps_270,432.0,291.0,96.0,42.0
dataset1/sheeps_271,410.0,294.0,106.0,45.0
dataset1/sheeps_272,410.0,301.0,109.0,42.0
dataset1/sheeps_273,403.0,307.0,102.0,38.0
dataset1/sheeps_274,400.0,314.0,99.0,38.0
dataset1/sheeps_275,390.0,320.0,102.0,42.0
dataset1/sheeps_276,390.0,323.0,96.0,38.0
dataset1/sheeps_277,387.0,330.0,96.0,42.0
dataset1/sheeps_278,381.0,333.0,102.0,45.0
dataset1/sheeps_279,365.0,339.0,112.0,48.0
dataset1/sheeps_280,362.0,346.0,115.0,45.0
dataset1/sheeps_281,358.0,352.0,112.0,42.0
dataset1/sheeps_282,358.0,355.0,109.0,38.0
dataset1/sheeps_2_0,1391.0,781.0,39.0,92.0
dataset1/sheeps_2_1,1388.0,777.0,38.0,90.0
dataset1/sheeps_2_2,1382.0,768.0,38.0,88.0
dataset1/sheeps_2_3,1378.0,768.0,36.0,84.0
dataset1/sheeps_2_4,1377.0,765.0,36.0,80.0
dataset1/sheeps_2_5,1374.0,760.0,36.0,76.0
dataset1/sheeps_2_6,1371.0,756.0,34.0,74.0
dataset1/sheeps_2_7,1366.0,748.0,34.0,75.0
dataset1/sheeps_2_8,1365.0,746.0,34.0,76.0
dataset1/sheeps_2_9,1362.0,740.0,36.0,80.0
dataset1/sheeps_2_10,1359.0,735.0,36.0,78.0
dataset1/sheeps_2_11,1358.0,730.0,36.0,78.0
dataset1/sheeps_2_12,1352.0,726.0,34.0,72.0
dataset1/sheeps_2_13,1348.0,722.0,33.0,69.0
dataset1/sheeps_2_14,1346.0,716.0,33.0,69.0
dataset1/sheeps_2_15,1346.0,714.0,32.0,66.0
dataset1/sheeps_2_16,1342.0,711.0,32.0,68.0
dataset1/sheeps_2_17,1338.0,704.0,33.0,74.0
dataset1/sheeps_2_18,1335.0,700.0,32.0,75.0
dataset1/sheeps_2_19,1332.0,694.0,30.0,74.0
dataset1/sheeps_2_20,1330.0,692.0,30.0,74.0
dataset1/sheeps_2_21,1329.0,687.0,28.0,72.0
dataset1/sheeps_2_22,1323.0,675.0,28.0,70.0
dataset1/sheeps_2_23,1322.0,672.0,30.0,74.0
dataset1/sheeps_2_24,1318.0,669.0,30.0,75.0
dataset1/sheeps_2_25,1316.0,668.0,30.0,75.0
dataset1/sheeps_2_26,1314.0,668.0,28.0,75.0
dataset1/sheeps_2_27,1306.0,656.0,30.0,80.0
dataset1/sheeps_2_28,1305.0,654.0,28.0,75.0
dataset1/sheeps_2_29,1302.0,648.0,28.0,76.0
dataset1/sheeps_2_30,1298.0,644.0,30.0,78.0
dataset1/sheeps_2_31,1296.0,640.0,30.0,74.0
dataset1/sheeps_2_32,1288.0,636.0,28.0,72.0
dataset1/sheeps_2_33,1290.0,634.0,28.0,75.0
dataset1/sheeps_2_34,1286.0,633.0,28.0,72.0
dataset1/sheeps_2_35,1282.0,628.0,28.0,78.0
dataset1/sheeps_2_36,1284.0,652.0,27.0,68.0
dataset1/sheeps_2_37,1278.0,620.0,28.0,76.0
dataset1/sheeps_2_38,1275.0,616.0,26.0,74.0
dataset1/sheeps_2_39,1272.0,614.0,26.0,74.0
dataset1/sheeps_2_40,1269.0,606.0,26.0,72.0
dataset1/sheeps_2_41,1268.0,609.0,22.0,64.0
dataset1/sheeps_2_42,1263.0,598.0,26.0,76.0
dataset1/sheeps_2_43,1262.0,594.0,26.0,78.0
dataset1/sheeps_2_44,1264.0,597.0,21.0,84.0
dataset1/sheeps_2_45,1268.0,609.0,18.0,88.0
dataset1/sheeps_2_46,1264.0,603.0,14.0,88.0
dataset1/sheeps_2_47,1266.0,650.0,14.0,86.0
dataset1/sheeps_2_48,1268.0,658.0,14.0,82.0
dataset1/sheeps_2_49,1264.0,658.0,14.0,76.0
dataset1/sheeps_2_50,1264.0,658.0,15.0,87.0
dataset1/sheeps_2_51,1251.0,578.0,15.0,92.0
dataset1/sheeps_2_52,1246.0,578.0,15.0,78.0
dataset1/sheeps_2_53,1245.0,579.0,15.0,74.0
dataset1/sheeps_2_54,1245.0,578.0,15.0,76.0
dataset1/sheeps_2_55,1245.0,591.0,12.0,80.0
dataset1/sheeps_2_56,1248.0,632.0,14.0,74.0
dataset1/sheeps_2_57,1244.0,636.0,15.0,68.0
dataset1/sheeps_2_58,1242.0,639.0,16.0,72.0
dataset1/sheeps_2_59,1239.0,640.0,18.0,76.0
dataset1/sheeps_2_60,1232.0,566.0,20.0,80.0
dataset1/sheeps_2_61,1230.0,564.0,18.0,70.0
dataset1/sheeps_2_62,1226.0,566.0,16.0,66.0
dataset1/sheeps_2_63,1224.0,567.0,15.0,62.0
dataset1/sheeps_2_64,1222.0,570.0,14.0,56.0
dataset1/sheeps_2_65,1222.0,566.0,15.0,58.0
dataset1/sheeps_2_66,1221.0,564.0,16.0,60.0
dataset1/sheeps_2_67,1216.0,561.0,20.0,64.0
dataset1/sheeps_2_68,1215.0,560.0,21.0,63.0
dataset1/sheeps_2_69,1212.0,560.0,22.0,64.0
dataset1/sheeps_2_70,1210.0,560.0,21.0,62.0
dataset1/sheeps_2_71,1210.0,560.0,20.0,58.0
dataset1/sheeps_2_72,1208.0,560.0,18.0,56.0
dataset1/sheeps_2_73,1206.0,558.0,18.0,56.0
dataset1/sheeps_2_74,1204.0,556.0,20.0,56.0
dataset1/sheeps_2_75,1203.0,556.0,21.0,57.0
dataset1/sheeps_2_76,1202.0,556.0,21.0,56.0
dataset1/sheeps_2_77,1197.0,554.0,21.0,54.0
dataset1/sheeps_2_78,1196.0,549.0,24.0,58.0
dataset1/sheeps_2_79,1194.0,550.0,24.0,57.0
dataset1/sheeps_2_80,1192.0,554.0,24.0,54.0
dataset1/sheeps_2_81,1191.0,554.0,24.0,52.0
dataset1/sheeps_2_82,1188.0,549.0,24.0,52.0
dataset1/sheeps_2_83,1188.0,546.0,26.0,50.0
dataset1/sheeps_2_84,1186.0,546.0,26.0,48.0
dataset1/sheeps_2_85,1188.0,544.0,26.0,45.0
dataset1/sheeps_2_86,1184.0,549.0,26.0,46.0
dataset1/sheeps_2_87,1180.0,549.0,24.0,45.0
dataset1/sheeps_2_88,1179.0,549.0,22.0,42.0
dataset1/sheeps_2_89,1178.0,544.0,22.0,45.0
dataset1/sheeps_2_90,1176.0,543.0,24.0,50.0
dataset1/sheeps_2_91,1174.0,543.0,26.0,51.0
dataset1/sheeps_2_92,1170.0,538.0,24.0,48.0
dataset1/sheeps_2_93,1168.0,537.0,26.0,52.0
dataset1/sheeps_2_94,1166.0,536.0,24.0,51.0
dataset1/sheeps_2_95,1167.0,534.0,22.0,54.0
dataset1/sheeps_2_96,1162.0,530.0,22.0,52.0
dataset1/sheeps_2_97,1162.0,522.0,22.0,58.0
dataset1/sheeps_2_98,1161.0,524.0,21.0,56.0
dataset1/sheeps_2_99,1160.0,520.0,20.0,57.0
dataset1/sheeps_2_100,1160.0,520.0,20.0,58.0
dataset1/sheeps_2_101,1158.0,516.0,20.0,60.0
dataset1/sheeps_2_102,1156.0,516.0,20.0,62.0
dataset1/sheeps_2_103,1155.0,513.0,20.0,62.0
dataset1/sheeps_2_104,1155.0,512.0,20.0,58.0
dataset1/sheeps_2_105,1155.0,510.0,20.0,58.0
dataset1/sheeps_2_106,1155.0,510.0,20.0,57.0
dataset1/sheeps_2_107,1152.0,508.0,20.0,57.0
dataset1/sheeps_2_108,1150.0,508.0,21.0,57.0
dataset1/sheeps_2_109,1149.0,510.0,21.0,57.0
dataset1/sheeps_2_110,1149.0,512.0,21.0,58.0
dataset1/sheeps_2_111,1148.0,512.0,21.0,58.0
dataset1/sheeps_2_112,1148.0,512.0,21.0,62.0
dataset1/sheeps_2_113,1146.0,510.0,20.0,60.0
dataset1/sheeps_2_114,1146.0,508.0,20.0,60.0
dataset1/sheeps_2_115,1146.0,508.0,20.0,60.0
dataset1/sheeps_2_116,1146.0,507.0,20.0,58.0
dataset1/sheeps_2_117,1143.0,507.0,20.0,62.0
dataset1/sheeps_2_118,1143.0,507.0,21.0,64.0
dataset1/sheeps_2_119,1142.0,507.0,21.0,64.0
dataset1/sheeps_2_120,1140.0,507.0,21.0,63.0
dataset1/sheeps_2_121,1140.0,507.0,21.0,63.0
dataset1/sheeps_2_122,1138.0,507.0,20.0,58.0
dataset1/sheeps_2_123,1138.0,506.0,20.0,57.0
dataset1/sheeps_2_124,1137.0,504.0,20.0,57.0
dataset1/sheeps_2_125,1137.0,504.0,20.0,57.0
dataset1/sheeps_2_126,1136.0,504.0,20.0,58.0
dataset1/sheeps_2_127,1136.0,506.0,20.0,58.0
dataset1/sheeps_2_128,1134.0,507.0,20.0,58.0
dataset1/sheeps_2_129,1132.0,506.0,20.0,60.0
dataset1/sheeps_2_130,1132.0,506.0,20.0,58.0
dataset1/sheeps_2_131,1131.0,506.0,20.0,58.0
dataset1/sheeps_2_132,1131.0,506.0,20.0,57.0
dataset1/sheeps_2_133,1130.0,506.0,18.0,54.0
dataset1/sheeps_2_134,1128.0,504.0,20.0,54.0
dataset1/sheeps_2_135,1128.0,506.0,20.0,54.0
dataset1/sheeps_2_136,1128.0,506.0,20.0,56.0
dataset1/sheeps_2_137,1126.0,506.0,20.0,57.0
dataset1/sheeps_2_138,1125.0,508.0,20.0,60.0
dataset1/sheeps_2_139,1124.0,508.0,20.0,60.0
dataset1/sheeps_2_140,1124.0,507.0,20.0,60.0
dataset1/sheeps_2_141,1122.0,507.0,20.0,60.0
dataset1/sheeps_2_142,1122.0,508.0,20.0,56.0
dataset1/sheeps_2_143,1119.0,508.0,20.0,52.0
dataset1/sheeps_2_144,1118.0,508.0,20.0,54.0
dataset1/sheeps_2_145,1118.0,510.0,20.0,54.0
dataset1/sheeps_2_146,1116.0,512.0,20.0,56.0
dataset1/sheeps_2_147,1114.0,513.0,20.0,57.0
dataset1/sheeps_2_148,1113.0,516.0,21.0,57.0
dataset1/sheeps_2_149,1112.0,518.0,21.0,54.0
dataset1/sheeps_2_150,1110.0,518.0,21.0,51.0
dataset1/sheeps_2_151,1108.0,518.0,21.0,50.0
dataset1/sheeps_2_152,1110.0,510.0,21.0,45.0
dataset1/sheeps_2_153,1104.0,518.0,21.0,48.0
dataset1/sheeps_2_154,1102.0,518.0,21.0,51.0
dataset1/sheeps_2_155,1107.0,510.0,21.0,50.0
dataset1/sheeps_2_156,1100.0,520.0,22.0,52.0
dataset1/sheeps_2_157,1098.0,516.0,24.0,52.0
dataset1/sheeps_2_158,1095.0,520.0,24.0,50.0
dataset1/sheeps_2_159,1094.0,520.0,26.0,50.0
dataset1/sheeps_2_160,1092.0,524.0,24.0,46.0
dataset1/sheeps_2_161,1092.0,525.0,24.0,45.0
dataset1/sheeps_2_162,1090.0,526.0,24.0,44.0
dataset1/sheeps_2_163,1088.0,528.0,24.0,45.0
dataset1/sheeps_2_164,1086.0,528.0,26.0,50.0
dataset1/sheeps_2_165,1084.0,528.0,26.0,51.0
dataset1/sheeps_2_166,1083.0,532.0,26.0,50.0
dataset1/sheeps_2_167,1082.0,532.0,26.0,51.0
dataset1/sheeps_2_168,1080.0,531.0,24.0,51.0
dataset1/sheeps_2_169,1080.0,534.0,24.0,51.0
dataset1/sheeps_2_170,1082.0,536.0,24.0,50.0
dataset1/sheeps_2_171,1080.0,537.0,22.0,48.0
dataset1/sheeps_2_172,1080.0,538.0,22.0,48.0
dataset1/sheeps_2_173,1078.0,544.0,21.0,46.0
dataset1/sheeps_2_174,1078.0,543.0,22.0,50.0
dataset1/sheeps_2_175,1077.0,544.0,22.0,50.0
dataset1/sheeps_2_176,1076.0,546.0,21.0,48.0
dataset1/sheeps_2_177,1076.0,548.0,22.0,51.0
dataset1/sheeps_2_178,1074.0,552.0,22.0,51.0
dataset1/sheeps_2_179,1074.0,558.0,22.0,48.0
dataset1/sheeps_2_180,1074.0,560.0,22.0,48.0
dataset1/sheeps_2_181,1074.0,564.0,21.0,44.0
dataset1/sheeps_2_182,1072.0,567.0,21.0,42.0
dataset1/sheeps_2_183,1074.0,574.0,20.0,39.0
dataset1/sheeps_2_184,1072.0,578.0,21.0,40.0
dataset1/sheeps_2_185,1072.0,580.0,21.0,39.0
dataset1/sheeps_2_186,1072.0,586.0,20.0,36.0
dataset1/sheeps_2_187,1072.0,591.0,20.0,33.0
dataset1/sheeps_2_188,1072.0,598.0,20.0,33.0
dataset1/sheeps_2_189,1072.0,603.0,20.0,32.0
dataset1/sheeps_2_190,1072.0,608.0,20.0,30.0
dataset1/sheeps_2_191,1072.0,615.0,20.0,28.0
dataset1/sheeps_2_192,1072.0,616.0,18.0,27.0
dataset1/sheeps_2_193,1072.0,624.0,18.0,28.0
dataset1/sheeps_2_194,1072.0,621.0,20.0,34.0
dataset1/sheeps_2_195,1072.0,621.0,21.0,38.0
dataset1/sheeps_2_196,1072.0,628.0,20.0,36.0
dataset1/sheeps_2_197,1068.0,645.0,18.0,27.0
dataset1/sheeps_2_198,1070.0,658.0,14.0,21.0
dataset1/sheeps_2_199,1074.0,662.0,15.0,20.0
dataset1/sheeps_2_200,1076.0,666.0,15.0,16.0
dataset1/sheeps_2_201,1074.0,664.0,18.0,21.0
dataset1/sheeps_2_202,1074.0,663.0,21.0,24.0
dataset1/sheeps_2_203,1076.0,668.0,22.0,27.0
dataset1/sheeps_2_204,1076.0,669.0,22.0,28.0
dataset1/sheeps_2_205,1076.0,674.0,22.0,28.0
dataset1/sheeps_2_206,1077.0,678.0,22.0,28.0
dataset1/sheeps_2_207,1077.0,681.0,22.0,28.0
dataset1/sheeps_2_208,1078.0,688.0,22.0,28.0
dataset1/sheeps_2_209,1080.0,694.0,21.0,28.0
dataset1/sheeps_2_210,1080.0,698.0,21.0,28.0
dataset1/sheeps_2_211,1082.0,704.0,20.0,27.0
dataset1/sheeps_2_212,1082.0,710.0,20.0,26.0
dataset1/sheeps_2_213,1083.0,717.0,21.0,26.0
dataset1/sheeps_2_214,1083.0,723.0,20.0,24.0
dataset1/sheeps_2_215,1084.0,726.0,21.0,24.0
dataset1/sheeps_2_216,1084.0,732.0,21.0,22.0
dataset1/sheeps_2_217,1084.0,736.0,21.0,21.0
dataset1/sheeps_2_218,1086.0,747.0,20.0,20.0
dataset1/sheeps_2_219,1086.0,750.0,20.0,18.0
dataset1/sheeps_2_220,1088.0,753.0,21.0,20.0
dataset1/sheeps_2_221,1088.0,756.0,22.0,20.0
dataset1/sheeps_2_222,1090.0,760.0,21.0,18.0
dataset1/sheeps_2_223,1089.0,771.0,21.0,18.0
dataset1/sheeps_2_224,1089.0,776.0,21.0,18.0
dataset1/sheeps_2_225,1090.0,777.0,21.0,18.0
dataset1/sheeps_2_226,1092.0,783.0,21.0,16.0
dataset1/sheeps_2_227,1092.0,788.0,21.0,18.0
dataset1/sheeps_2_228,1095.0,794.0,21.0,18.0
dataset1/sheeps_2_229,1095.0,798.0,18.0,18.0
dataset1/sheeps_2_230,1098.0,798.0,18.0,20.0
dataset1/sheeps_2_231,1098.0,804.0,18.0,20.0
dataset1/sheeps_2_232,1100.0,807.0,18.0,20.0
dataset1/sheeps_2_233,1101.0,814.0,18.0,20.0
dataset1/sheeps_2_234,1101.0,820.0,16.0,18.0
dataset1/sheeps_2_235,1102.0,820.0,20.0,21.0
dataset1/sheeps_2_236,1104.0,820.0,18.0,20.0
dataset1/sheeps_2_237,1106.0,822.0,20.0,20.0
dataset1/sheeps_2_238,1106.0,826.0,18.0,18.0
dataset1/sheeps_2_239,1107.0,826.0,20.0,18.0
dataset1/surfer_1_0,457.0,430.0,64.0,33.0
dataset1/surfer_1_1,458.0,427.0,62.0,34.0
dataset1/surfer_1_2,458.0,427.0,55.0,33.0
dataset1/surfer_1_3,459.0,426.0,50.0,33.0
dataset1/surfer_1_4,460.0,426.0,43.0,31.0
dataset1/surfer_1_5,459.0,425.0,41.0,30.0
dataset1/surfer_1_6,455.0,418.0,45.0,34.0
dataset1/surfer_1_7,449.0,413.0,46.0,36.0
dataset1/surfer_1_8,446.0,416.0,43.0,34.0
dataset1/surfer_1_9,441.0,414.0,41.0,33.0
dataset1/surfer_1_10,437.0,412.0,42.0,35.0
dataset1/surfer_1_11,434.0,407.0,44.0,38.0
dataset1/surfer_1_12,430.0,405.0,43.0,37.0
dataset1/surfer_1_13,428.0,401.0,43.0,36.0
dataset1/surfer_1_14,423.0,398.0,43.0,37.0
dataset1/surfer_1_15,417.0,396.0,48.0,43.0
dataset1/surfer_1_16,411.0,394.0,50.0,50.0
dataset1/surfer_1_17,408.0,393.0,51.0,56.0
dataset1/surfer_1_18,406.0,393.0,53.0,60.0
dataset1/surfer_1_19,403.0,392.0,53.0,62.0
dataset1/surfer_1_20,397.0,393.0,50.0,61.0
dataset1/surfer_1_21,393.0,394.0,47.0,59.0
dataset1/surfer_1_22,386.0,395.0,44.0,60.0
dataset1/surfer_1_23,380.0,397.0,44.0,65.0
dataset1/surfer_1_24,373.0,398.0,46.0,73.0
dataset1/surfer_1_25,367.0,401.0,47.0,73.0
dataset1/surfer_1_26,360.0,405.0,51.0,81.0
dataset1/surfer_1_27,353.0,409.0,54.0,84.0
dataset1/surfer_1_28,346.0,415.0,57.0,86.0
dataset1/surfer_1_29,338.0,423.0,63.0,92.0
dataset1/surfer_1_30,330.0,430.0,70.0,98.0
dataset1/surfer_1_31,322.0,439.0,76.0,100.0
dataset1/surfer_1_32,312.0,448.0,85.0,105.0
dataset1/surfer_1_33,307.0,459.0,91.0,104.0
dataset1/surfer_1_34,297.0,469.0,97.0,107.0
dataset1/surfer_1_35,288.0,478.0,105.0,112.0
dataset1/surfer_1_36,278.0,480.0,108.0,119.0
dataset1/surfer_1_37,265.0,480.0,105.0,125.0
dataset1/surfer_1_38,257.0,487.0,95.0,116.0
dataset1/surfer_1_39,248.0,500.0,80.0,112.0
dataset1/surfer_1_40,240.0,519.0,70.0,114.0
dataset1/surfer_1_41,234.0,537.0,65.0,106.0
dataset1/surfer_1_42,229.0,562.0,59.0,96.0
dataset1/surfer_1_43,221.0,581.0,55.0,87.0
dataset1/surfer_1_44,213.0,593.0,53.0,80.0
dataset1/surfer_1_45,198.0,604.0,58.0,83.0
dataset1/surfer_1_46,189.0,613.0,57.0,76.0
dataset1/surfer_1_47,174.0,618.0,66.0,80.0
dataset1/surfer_1_48,163.0,624.0,70.0,77.0
dataset1/surfer_1_49,153.0,627.0,77.0,78.0
dataset1/surfer_1_50,139.0,628.0,86.0,80.0
dataset1/surfer_1_51,117.0,628.0,101.0,89.0
dataset1/surfer_1_52,107.0,627.0,104.0,92.0
dataset1/surfer_1_53,98.0,625.0,108.0,95.0
dataset1/surfer_1_54,99.0,624.0,103.0,94.0
dataset1/surfer_1_55,98.0,623.0,102.0,97.0
dataset1/surfer_1_56,89.0,623.0,102.0,101.0
dataset1/surfer_1_57,87.0,621.0,100.0,99.0
dataset1/surfer_1_58,84.0,622.0,97.0,94.0
dataset1/surfer_1_59,78.0,624.0,97.0,92.0
dataset1/surfer_1_60,72.0,627.0,97.0,90.0
dataset1/surfer_1_61,65.0,629.0,98.0,88.0
dataset1/surfer_1_62,59.0,632.0,99.0,87.0
dataset1/surfer_1_63,50.0,633.0,101.0,85.0
dataset1/surfer_1_64,45.0,634.0,101.0,82.0
dataset1/surfer_1_65,38.0,633.0,105.0,83.0
dataset1/surfer_1_66,37.0,631.0,105.0,80.0
dataset1/surfer_1_67,31.0,630.0,115.0,86.0
dataset1/surfer_1_68,30.0,625.0,120.0,89.0
dataset1/surfer_1_69,31.0,619.0,127.0,96.0
dataset1/surfer_1_70,46.0,612.0,128.0,98.0
dataset1/surfer_1_71,53.0,603.0,135.0,105.0
dataset1/surfer_1_72,76.0,596.0,130.0,106.0
dataset1/surfer_1_73,101.0,587.0,123.0,110.0
dataset1/surfer_1_74,123.0,575.0,130.0,120.0
dataset1/surfer_1_75,146.0,566.0,136.0,123.0
dataset1/surfer_1_76,178.0,553.0,130.0,122.0
dataset1/surfer_1_77,202.0,548.0,116.0,116.0
dataset1/surfer_1_78,219.0,540.0,105.0,112.0
dataset1/surfer_1_79,246.0,531.0,98.0,110.0
dataset1/surfer_1_80,269.0,521.0,88.0,107.0
dataset1/surfer_1_81,288.0,514.0,88.0,111.0
dataset1/surfer_1_82,306.0,505.0,82.0,106.0
dataset1/surfer_1_83,321.0,490.0,87.0,116.0
dataset1/surfer_1_84,336.0,480.0,90.0,122.0
dataset1/surfer_1_85,350.0,466.0,92.0,121.0
dataset1/surfer_1_86,358.0,454.0,95.0,120.0
dataset1/surfer_1_87,362.0,442.0,98.0,120.0
dataset1/surfer_1_88,365.0,434.0,99.0,116.0
dataset1/surfer_1_89,368.0,429.0,104.0,122.0
dataset1/surfer_1_90,379.0,420.0,107.0,120.0
dataset1/surfer_1_91,384.0,408.0,111.0,120.0
dataset1/surfer_1_92,389.0,401.0,117.0,118.0
dataset1/surfer_1_93,400.0,394.0,121.0,119.0
dataset1/surfer_1_94,406.0,388.0,116.0,113.0
dataset1/surfer_1_95,410.0,383.0,111.0,107.0
dataset1/surfer_1_96,409.0,380.0,108.0,103.0
dataset1/surfer_1_97,414.0,378.0,105.0,105.0
dataset1/surfer_1_98,416.0,375.0,98.0,104.0
dataset1/surfer_1_99,424.0,373.0,89.0,96.0
dataset1/surfer_1_100,432.0,372.0,80.0,85.0
dataset1/surfer_1_101,428.0,367.0,82.0,91.0
dataset1/surfer_1_102,424.0,364.0,88.0,98.0
dataset1/surfer_1_103,418.0,361.0,92.0,105.0
dataset1/surfer_1_104,412.0,360.0,95.0,116.0
dataset1/surfer_1_105,409.0,358.0,94.0,120.0
dataset1/surfer_1_106,408.0,360.0,89.0,113.0
dataset1/surfer_1_107,403.0,362.0,85.0,104.0
dataset1/surfer_1_108,394.0,365.0,85.0,97.0
dataset1/surfer_1_109,378.0,367.0,91.0,101.0
dataset1/surfer_1_110,377.0,370.0,89.0,98.0
dataset1/surfer_1_111,372.0,375.0,80.0,91.0
dataset1/surfer_1_112,366.0,380.0,78.0,88.0
dataset1/surfer_1_113,363.0,382.0,74.0,83.0
dataset1/surfer_1_114,352.0,385.0,83.0,94.0
dataset1/surfer_1_115,342.0,386.0,90.0,103.0
dataset1/surfer_1_116,333.0,387.0,93.0,105.0
dataset1/surfer_1_117,321.0,384.0,105.0,114.0
dataset1/surfer_1_118,307.0,386.0,111.0,118.0
dataset1/surfer_1_119,304.0,387.0,107.0,116.0
dataset1/surfer_1_120,296.0,388.0,102.0,110.0
dataset1/surfer_1_121,288.0,389.0,103.0,105.0
dataset1/surfer_1_122,281.0,392.0,99.0,98.0
dataset1/surfer_1_123,274.0,395.0,101.0,94.0
dataset1/surfer_1_124,270.0,400.0,101.0,95.0
dataset1/surfer_1_125,264.0,405.0,100.0,94.0
dataset1/surfer_1_126,257.0,410.0,100.0,98.0
dataset1/surfer_1_127,251.0,413.0,96.0,100.0
dataset1/surfer_1_128,240.0,413.0,92.0,102.0
dataset1/surfer_1_129,226.0,415.0,88.0,101.0
dataset1/surfer_1_130,216.0,421.0,81.0,99.0
dataset1/surfer_1_131,207.0,426.0,81.0,97.0
dataset1/surfer_1_132,202.0,431.0,79.0,93.0
dataset1/surfer_1_133,195.0,435.0,74.0,86.0
dataset1/surfer_1_134,184.0,437.0,70.0,79.0
dataset1/surfer_1_135,174.0,444.0,60.0,66.0
dataset1/surfer_1_136,166.0,458.0,55.0,55.0
dataset1/surfer_1_137,184.0,495.0,45.0,45.0
dataset1/surfer_1_138,0.0,0.0,0.0,0.0
dataset1/surfer_1_139,0.0,0.0,0.0,0.0
dataset1/surfer_1_140,0.0,0.0,0.0,0.0
dataset1/surfer_1_141,0.0,0.0,0.0,0.0
dataset1/surfer_1_142,0.0,0.0,0.0,0.0
dataset1/surfer_1_143,70.0,405.0,88.0,107.0
dataset1/surfer_1_144,68.0,403.0,77.0,105.0
dataset1/surfer_1_145,69.0,399.0,75.0,110.0
dataset1/surfer_1_146,72.0,397.0,77.0,113.0
dataset1/surfer_1_147,73.0,396.0,76.0,114.0
dataset1/surfer_1_148,76.0,398.0,74.0,111.0
dataset1/surfer_1_149,77.0,401.0,74.0,111.0
dataset1/surfer_1_150,77.0,404.0,74.0,110.0
dataset1/surfer_1_151,77.0,406.0,77.0,111.0
dataset1/surfer_1_152,75.0,407.0,81.0,114.0
dataset1/surfer_1_153,76.0,410.0,82.0,113.0
dataset1/surfer_1_154,74.0,420.0,75.0,102.0
dataset1/surfer_1_155,76.0,436.0,62.0,85.0
dataset1/surfer_1_156,78.0,468.0,51.0,62.0
dataset1/surfer_1_157,81.0,488.0,49.0,57.0
dataset1/surfer_1_158,98.0,514.0,53.0,56.0
dataset1/surfer_1_159,0.0,0.0,0.0,0.0
dataset1/surfer_1_160,0.0,0.0,0.0,0.0
dataset1/surfer_1_161,0.0,0.0,0.0,0.0
dataset1/surfer_1_162,0.0,0.0,0.0,0.0
dataset1/surfer_1_163,0.0,0.0,0.0,0.0
dataset1/surfer_1_164,0.0,0.0,0.0,0.0
dataset1/surfer_1_165,0.0,0.0,0.0,0.0
dataset1/surfer_1_166,0.0,0.0,0.0,0.0
dataset1/surfer_1_167,165.0,378.0,93.0,95.0
dataset1/surfer_1_168,159.0,404.0,102.0,116.0
dataset1/surfer_1_169,165.0,406.0,102.0,119.0
dataset1/surfer_1_170,168.0,407.0,102.0,124.0
dataset1/surfer_1_171,169.0,409.0,102.0,123.0
dataset1/surfer_1_172,169.0,412.0,100.0,120.0
dataset1/surfer_1_173,170.0,414.0,98.0,116.0
dataset1/surfer_1_174,172.0,416.0,95.0,112.0
dataset1/surfer_1_175,172.0,420.0,94.0,108.0
dataset1/surfer_1_176,172.0,416.0,96.0,112.0
dataset1/surfer_1_177,170.0,410.0,98.0,118.0
dataset1/surfer_1_178,169.0,407.0,99.0,124.0
dataset1/surfer_1_179,170.0,404.0,96.0,126.0
dataset1/surfer_1_180,169.0,400.0,96.0,132.0
dataset1/surfer_1_181,167.0,405.0,93.0,127.0
dataset1/surfer_1_182,167.0,399.0,93.0,130.0
dataset1/surfer_1_183,165.0,405.0,91.0,126.0
dataset1/surfer_1_184,162.0,403.0,90.0,129.0
dataset1/surfer_1_185,155.0,410.0,79.0,122.0
dataset1/surfer_1_186,162.0,444.0,63.0,95.0
dataset1/surfer_1_187,163.0,439.0,70.0,100.0
dataset1/surfer_1_188,157.0,443.0,64.0,94.0
dataset1/surfer_1_189,160.0,453.0,57.0,82.0
dataset1/surfer_1_190,157.0,452.0,58.0,83.0
dataset1/surfer_1_191,155.0,473.0,48.0,66.0
dataset1/surfer_1_192,169.0,487.0,39.0,52.0
dataset1/surfer_1_193,170.0,490.0,33.0,43.0
dataset1/surfer_1_194,174.0,470.0,43.0,58.0
dataset1/surfer_1_195,165.0,482.0,46.0,54.0
dataset1/surfer_1_196,0.0,0.0,0.0,0.0
dataset1/surfer_1_197,0.0,0.0,0.0,0.0
dataset1/surfer_1_198,0.0,0.0,0.0,0.0
dataset1/surfer_1_199,0.0,0.0,0.0,0.0
dataset1/surfer_1_200,0.0,0.0,0.0,0.0
dataset1/surfer_1_201,0.0,0.0,0.0,0.0
dataset1/surfer_1_202,0.0,0.0,0.0,0.0
dataset1/surfer_1_203,0.0,0.0,0.0,0.0
dataset1/surfer_1_204,0.0,0.0,0.0,0.0
dataset1/surfer_1_205,0.0,0.0,0.0,0.0
dataset1/surfer_1_206,0.0,0.0,0.0,0.0
dataset1/surfer_1_207,0.0,0.0,0.0,0.0
dataset1/surfer_1_208,0.0,0.0,0.0,0.0
dataset1/surfer_1_209,0.0,0.0,0.0,0.0
dataset1/surfer_1_210,0.0,0.0,0.0,0.0
dataset1/surfer_1_211,0.0,0.0,0.0,0.0
dataset1/surfer_1_212,0.0,0.0,0.0,0.0
dataset1/surfer_1_213,0.0,0.0,0.0,0.0
dataset1/surfer_1_214,0.0,0.0,0.0,0.0
dataset1/surfer_1_215,0.0,0.0,0.0,0.0
dataset1/surfer_1_216,175.0,422.0,67.0,89.0
dataset1/surfer_1_217,173.0,404.0,73.0,105.0
dataset1/surfer_1_218,175.0,410.0,72.0,102.0
dataset1/surfer_1_219,176.0,396.0,78.0,114.0
dataset1/surfer_1_220,183.0,390.0,79.0,118.0
dataset1/surfer_1_221,188.0,390.0,79.0,121.0
dataset1/surfer_1_222,195.0,395.0,76.0,116.0
dataset1/surfer_1_223,207.0,398.0,74.0,117.0
dataset1/surfer_1_224,215.0,378.0,82.0,135.0
dataset1/surfer_1_225,227.0,382.0,78.0,131.0
dataset1/surfer_1_226,242.0,392.0,71.0,120.0
dataset1/surfer_1_227,254.0,402.0,70.0,114.0
dataset1/surfer_1_228,267.0,410.0,67.0,107.0
dataset1/surfer_1_229,280.0,400.0,72.0,119.0
dataset1/surfer_1_230,292.0,384.0,76.0,136.0
dataset1/surfer_1_231,308.0,387.0,73.0,133.0
dataset1/surfer_1_232,321.0,388.0,71.0,126.0
dataset1/surfer_1_233,334.0,396.0,70.0,116.0
dataset1/surfer_1_234,346.0,401.0,72.0,113.0
dataset1/surfer_1_235,357.0,395.0,79.0,123.0
dataset1/surfer_1_236,367.0,402.0,79.0,121.0
dataset1/surfer_1_237,379.0,408.0,79.0,122.0
dataset1/surfer_1_238,389.0,410.0,79.0,122.0
dataset1/surfer_1_239,400.0,413.0,78.0,121.0
dataset1/surfer_1_240,404.0,420.0,77.0,119.0
dataset1/surfer_1_241,408.0,425.0,76.0,119.0
dataset1/surfer_1_242,411.0,432.0,75.0,116.0
dataset1/surfer_1_243,409.0,438.0,76.0,116.0
dataset1/surfer_1_244,409.0,445.0,75.0,117.0
dataset1/surfer_1_245,405.0,450.0,74.0,120.0
dataset1/surfer_1_246,404.0,456.0,75.0,125.0
dataset1/surfer_1_247,404.0,462.0,73.0,124.0
dataset1/surfer_1_248,402.0,469.0,73.0,123.0
dataset1/surfer_1_249,398.0,476.0,71.0,116.0
dataset1/surfer_1_250,394.0,484.0,70.0,108.0
dataset1/surfer_1_251,386.0,490.0,74.0,110.0
dataset1/surfer_1_252,378.0,497.0,73.0,107.0
dataset1/surfer_1_253,368.0,503.0,75.0,108.0
dataset1/surfer_1_254,355.0,511.0,76.0,109.0
dataset1/surfer_1_255,341.0,517.0,76.0,111.0
dataset1/surfer_1_256,326.0,525.0,76.0,113.0
dataset1/surfer_1_257,309.0,532.0,78.0,115.0
dataset1/surfer_1_258,291.0,539.0,80.0,114.0
dataset1/surfer_1_259,269.0,548.0,80.0,111.0
dataset1/surfer_1_260,249.0,555.0,78.0,109.0
dataset1/surfer_1_261,227.0,561.0,79.0,107.0
dataset1/surfer_1_262,202.0,568.0,76.0,103.0
dataset1/surfer_1_263,182.0,572.0,75.0,100.0
dataset1/surfer_1_264,168.0,576.0,76.0,99.0
dataset1/surfer_1_265,155.0,577.0,82.0,102.0
dataset1/surfer_1_266,143.0,580.0,86.0,104.0
dataset1/surfer_1_267,135.0,583.0,86.0,102.0
dataset1/surfer_1_268,126.0,586.0,89.0,104.0
dataset1/surfer_1_269,116.0,589.0,87.0,98.0
dataset1/surfer_1_270,102.0,592.0,92.0,101.0
dataset1/surfer_1_271,93.0,594.0,91.0,93.0
dataset1/surfer_1_272,79.0,595.0,97.0,97.0
dataset1/surfer_1_273,71.0,594.0,96.0,92.0
dataset1/surfer_1_274,66.0,594.0,94.0,91.0
dataset1/surfer_1_275,61.0,595.0,92.0,89.0
dataset1/surfer_1_276,57.0,595.0,90.0,88.0
dataset1/surfer_1_277,53.0,596.0,89.0,88.0
dataset1/surfer_1_278,45.0,596.0,91.0,91.0
dataset1/surfer_1_279,37.0,596.0,91.0,89.0
dataset1/surfer_1_280,29.0,597.0,92.0,86.0
dataset1/surfer_1_281,20.0,599.0,94.0,82.0
dataset1/surfer_1_282,12.0,600.0,96.0,78.0
dataset1/surfer_1_283,5.0,601.0,101.0,77.0
dataset1/surfer_1_284,2.0,602.0,99.0,71.0
dataset1/surfer_1_285,0.0,602.0,94.0,68.0
dataset1/surfer_1_286,0.0,603.0,86.0,64.0
dataset1/surfer_1_287,0.0,603.0,78.0,62.0
dataset1/surfer_1_288,0.0,602.0,71.0,61.0
dataset1/surfer_1_289,0.0,601.0,67.0,59.0
dataset1/surfer_1_290,0.0,599.0,62.0,58.0
dataset1/surfer_1_291,0.0,595.0,65.0,62.0
dataset1/surfer_1_292,0.0,591.0,63.0,62.0
dataset1/surfer_1_293,0.0,585.0,70.0,68.0
dataset1/surfer_1_294,0.0,577.0,78.0,73.0
dataset1/surfer_1_295,2.0,572.0,86.0,77.0
dataset1/surfer_1_296,5.0,565.0,98.0,85.0
dataset1/surfer_1_297,29.0,562.0,94.0,86.0
dataset1/surfer_1_298,33.0,559.0,111.0,98.0
dataset1/surfer_1_299,55.0,557.0,103.0,92.0
dataset1/surfer_1_300,67.0,555.0,107.0,97.0
dataset1/surfer_1_301,81.0,557.0,105.0,100.0
dataset1/surfer_1_302,108.0,558.0,98.0,99.0
dataset1/surfer_1_303,132.0,565.0,95.0,109.0
dataset1/surfer_1_304,162.0,568.0,86.0,104.0
dataset1/surfer_1_305,186.0,577.0,90.0,120.0
dataset1/surfer_1_306,207.0,582.0,86.0,119.0
dataset1/surfer_1_307,228.0,589.0,94.0,126.0
dataset1/surfer_1_308,245.0,596.0,96.0,129.0
dataset1/surfer_1_309,263.0,604.0,97.0,129.0
dataset1/surfer_1_310,282.0,609.0,98.0,124.0
dataset1/surfer_1_311,300.0,614.0,94.0,120.0
dataset1/surfer_1_312,319.0,617.0,89.0,118.0
dataset1/surfer_1_313,336.0,620.0,87.0,116.0
dataset1/surfer_1_314,347.0,621.0,88.0,120.0
dataset1/surfer_1_315,350.0,621.0,91.0,122.0
dataset1/surfer_1_316,348.0,619.0,96.0,124.0
dataset1/surfer_1_317,346.0,618.0,86.0,115.0
dataset1/surfer_1_318,341.0,608.0,88.0,118.0
dataset1/surfer_1_319,330.0,596.0,88.0,117.0
dataset1/surfer_1_320,322.0,584.0,90.0,112.0
dataset1/surfer_1_321,312.0,567.0,91.0,108.0
dataset1/surfer_1_322,299.0,549.0,92.0,106.0
dataset1/surfer_1_323,288.0,530.0,83.0,94.0
dataset1/surfer_1_324,278.0,514.0,90.0,101.0
dataset1/surfer_1_325,274.0,498.0,82.0,86.0
dataset1/surfer_1_326,275.0,485.0,77.0,79.0
dataset1/surfer_1_327,279.0,470.0,70.0,75.0
dataset1/surfer_1_328,286.0,458.0,65.0,72.0
dataset1/surfer_1_329,289.0,443.0,53.0,62.0
dataset1/surfer_1_330,293.0,430.0,55.0,65.0
dataset1/surfer_1_331,293.0,428.0,52.0,63.0
dataset1/surfer_1_332,294.0,430.0,51.0,63.0
dataset1/surfer_1_333,291.0,426.0,58.0,67.0
dataset1/surfer_1_334,291.0,422.0,63.0,69.0
dataset1/surfer_1_335,287.0,421.0,68.0,79.0
dataset1/surfer_1_336,282.0,410.0,67.0,84.0
dataset1/surfer_1_337,275.0,406.0,63.0,79.0
dataset1/surfer_1_338,274.0,401.0,71.0,83.0
dataset1/surfer_1_339,268.0,398.0,74.0,83.0
dataset1/surfer_1_340,271.0,394.0,71.0,79.0
dataset1/surfer_1_341,279.0,388.0,77.0,81.0
dataset1/surfer_1_342,272.0,386.0,80.0,81.0
dataset1/surfer_1_343,261.0,383.0,81.0,79.0
dataset1/surfer_1_344,246.0,380.0,84.0,86.0
dataset1/surfer_1_345,238.0,377.0,81.0,82.0
dataset1/surfer_1_346,235.0,374.0,81.0,79.0
dataset1/surfer_1_347,238.0,372.0,78.0,73.0
dataset1/surfer_1_348,243.0,370.0,75.0,64.0
dataset1/surfer_1_349,244.0,370.0,77.0,63.0
dataset1/surfer_1_350,246.0,367.0,75.0,59.0
dataset1/surfer_1_351,247.0,368.0,75.0,58.0
dataset1/surfer_1_352,249.0,367.0,76.0,59.0
dataset1/surfer_1_353,251.0,367.0,74.0,57.0
dataset1/surfer_1_354,253.0,366.0,72.0,57.0
dataset1/surfer_1_355,253.0,364.0,72.0,59.0
dataset1/surfer_1_356,255.0,361.0,71.0,62.0
dataset1/surfer_1_357,254.0,357.0,70.0,63.0
dataset1/surfer_1_358,256.0,356.0,67.0,63.0
dataset1/surfer_1_359,256.0,351.0,66.0,61.0
dataset1/surfer_1_360,258.0,347.0,64.0,57.0
dataset1/surfer_1_361,257.0,344.0,63.0,54.0
dataset1/surfer_1_362,256.0,342.0,63.0,54.0
dataset1/surfer_1_363,253.0,339.0,65.0,54.0
dataset1/surfer_1_364,249.0,338.0,67.0,54.0
dataset1/surfer_1_365,247.0,338.0,67.0,58.0
dataset1/surfer_1_366,243.0,336.0,69.0,63.0
dataset1/surfer_1_367,240.0,334.0,70.0,66.0
dataset1/surfer_1_368,236.0,333.0,71.0,68.0
dataset1/surfer_1_369,229.0,336.0,74.0,69.0
dataset1/surfer_1_370,224.0,342.0,73.0,67.0
dataset1/surfer_1_371,219.0,343.0,76.0,69.0
dataset1/surfer_1_372,217.0,344.0,77.0,74.0
dataset1/surfer_1_373,218.0,356.0,73.0,68.0
dataset1/surfer_1_374,211.0,380.0,70.0,68.0
dataset1/surfer_1_375,211.0,389.0,64.0,63.0
dataset1/surfer_1_376,209.0,403.0,54.0,62.0
dataset1/surfer_1_377,208.0,421.0,47.0,55.0
dataset1/surfer_1_378,207.0,437.0,39.0,46.0
dataset1/surfer_1_379,207.0,451.0,32.0,38.0
dataset1/surfer_1_380,209.0,459.0,27.0,31.0
dataset1/surfer_1_381,206.0,468.0,30.0,35.0
dataset1/surfer_1_382,202.0,478.0,31.0,33.0
dataset1/surfer_1_383,200.0,489.0,25.0,26.0
dataset1/surfer_1_384,0.0,0.0,0.0,0.0
dataset1/surfer_1_385,0.0,0.0,0.0,0.0
dataset1/surfer_1_386,0.0,0.0,0.0,0.0
dataset1/surfer_1_387,0.0,0.0,0.0,0.0
dataset1/surfer_1_388,0.0,0.0,0.0,0.0
dataset1/surfer_1_389,0.0,0.0,0.0,0.0
dataset1/surfer_1_390,0.0,0.0,0.0,0.0
dataset1/surfer_1_391,0.0,0.0,0.0,0.0
dataset1/surfer_1_392,0.0,0.0,0.0,0.0
dataset1/surfer_1_393,0.0,0.0,0.0,0.0
dataset1/surfer_1_394,0.0,0.0,0.0,0.0
dataset1/surfer_1_395,200.0,438.0,77.0,76.0
dataset1/surfer_1_396,193.0,454.0,81.0,77.0
dataset1/surfer_1_397,218.0,406.0,72.0,71.0
dataset1/surfer_1_398,236.0,409.0,55.0,57.0
dataset1/surfer_1_399,235.0,410.0,50.0,55.0
dataset1/surfer_1_400,225.0,413.0,59.0,63.0
dataset1/surfer_1_401,217.0,414.0,65.0,65.0
dataset1/surfer_1_402,207.0,415.0,73.0,67.0
dataset1/surfer_1_403,203.0,416.0,77.0,65.0
dataset1/surfer_1_404,200.0,417.0,80.0,65.0
dataset1/surfer_1_405,196.0,417.0,83.0,64.0
dataset1/surfer_1_406,194.0,417.0,84.0,65.0
dataset1/surfer_1_407,191.0,416.0,84.0,66.0
dataset1/surfer_1_408,188.0,415.0,84.0,65.0
dataset1/surfer_1_409,185.0,413.0,84.0,64.0
dataset1/surfer_1_410,182.0,412.0,85.0,63.0
dataset1/surfer_1_411,180.0,411.0,86.0,63.0
dataset1/surfer_1_412,177.0,410.0,85.0,62.0
dataset1/surfer_1_413,176.0,408.0,85.0,63.0
dataset1/surfer_1_414,174.0,407.0,85.0,63.0
dataset1/surfer_1_415,172.0,404.0,85.0,64.0
dataset1/surfer_1_416,171.0,402.0,84.0,63.0
dataset1/surfer_1_417,168.0,399.0,85.0,64.0
dataset1/surfer_1_418,167.0,397.0,85.0,63.0
dataset1/surfer_1_419,166.0,394.0,84.0,62.0
dataset1/surfer_1_420,166.0,390.0,83.0,61.0
dataset1/surfer_1_421,165.0,386.0,83.0,61.0
dataset1/surfer_1_422,165.0,382.0,83.0,60.0
dataset1/surfer_1_423,164.0,379.0,83.0,60.0
dataset1/surfer_1_424,163.0,375.0,83.0,59.0
dataset1/surfer_1_425,162.0,372.0,84.0,59.0
dataset1/surfer_1_426,162.0,369.0,84.0,60.0
dataset1/surfer_1_427,162.0,366.0,84.0,60.0
dataset1/surfer_1_428,162.0,362.0,85.0,63.0
dataset1/surfer_1_429,162.0,357.0,85.0,65.0
dataset1/surfer_1_430,161.0,353.0,87.0,66.0
dataset1/surfer_1_431,161.0,350.0,87.0,67.0
dataset1/surfer_1_432,161.0,346.0,86.0,68.0
dataset1/surfer_1_433,161.0,344.0,84.0,67.0
dataset1/surfer_1_434,161.0,341.0,85.0,69.0
dataset1/surfer_1_435,160.0,337.0,86.0,71.0
dataset1/surfer_1_436,159.0,333.0,86.0,70.0
dataset1/surfer_1_437,158.0,331.0,87.0,70.0
dataset1/surfer_1_438,158.0,329.0,89.0,70.0
dataset1/surfer_1_439,156.0,327.0,88.0,68.0
dataset1/surfer_1_440,156.0,324.0,91.0,71.0
dataset1/surfer_1_441,155.0,322.0,90.0,69.0
dataset1/surfer_1_442,154.0,321.0,90.0,69.0
dataset1/surfer_1_443,155.0,320.0,92.0,70.0
dataset1/surfer_1_444,154.0,319.0,93.0,71.0
dataset1/surfer_1_445,153.0,318.0,95.0,74.0
dataset1/surfer_1_446,154.0,318.0,94.0,73.0
dataset1/surfer_1_447,154.0,318.0,95.0,73.0
dataset1/surfer_1_448,154.0,318.0,94.0,72.0
dataset1/surfer_1_449,154.0,318.0,94.0,71.0
dataset1/surfer_1_450,154.0,319.0,93.0,70.0
dataset1/surfer_1_451,155.0,320.0,93.0,69.0
dataset1/surfer_1_452,155.0,321.0,93.0,69.0
dataset1/surfer_1_453,156.0,322.0,93.0,67.0
dataset1/surfer_1_454,156.0,323.0,93.0,66.0
dataset1/surfer_1_455,158.0,325.0,91.0,65.0
dataset1/surfer_1_456,159.0,326.0,90.0,64.0
dataset1/surfer_1_457,159.0,327.0,91.0,65.0
dataset1/surfer_1_458,161.0,328.0,89.0,64.0
dataset1/surfer_1_459,164.0,329.0,87.0,62.0
dataset1/surfer_1_460,165.0,330.0,88.0,63.0
dataset1/surfer_1_461,167.0,331.0,88.0,63.0
dataset1/surfer_1_462,168.0,332.0,88.0,62.0
dataset1/surfer_1_463,171.0,333.0,87.0,61.0
dataset1/surfer_1_464,173.0,333.0,88.0,61.0
dataset1/surfer_1_465,175.0,334.0,87.0,60.0
dataset1/surfer_1_466,178.0,334.0,88.0,60.0
dataset1/surfer_1_467,180.0,335.0,88.0,59.0
dataset1/surfer_1_468,183.0,337.0,88.0,58.0
dataset1/surfer_1_469,187.0,338.0,87.0,57.0
dataset1/surfer_1_470,190.0,339.0,87.0,57.0
dataset1/surfer_1_471,193.0,340.0,87.0,57.0
dataset1/surfer_1_472,196.0,341.0,87.0,56.0
dataset1/surfer_1_473,199.0,343.0,87.0,55.0
dataset1/surfer_1_474,204.0,345.0,86.0,54.0
dataset1/surfer_1_475,207.0,346.0,86.0,54.0
dataset1/surfer_1_476,211.0,347.0,85.0,53.0
dataset1/surfer_1_477,225.0,349.0,75.0,50.0
dataset1/surfer_1_478,231.0,354.0,72.0,49.0
dataset1/surfer_1_479,233.0,356.0,72.0,50.0
dataset1/surfer_1_480,237.0,357.0,71.0,50.0
dataset1/surfer_1_481,248.0,362.0,64.0,46.0
dataset1/surfer_1_482,252.0,365.0,63.0,45.0
dataset1/surfer_1_483,259.0,371.0,58.0,41.0
dataset1/surfer_1_484,262.0,379.0,56.0,38.0
dataset1/surfer_1_485,265.0,386.0,56.0,36.0
dataset1/surfer_1_486,272.0,392.0,54.0,32.0
dataset1/surfer_1_487,274.0,395.0,54.0,32.0
dataset1/surfer_1_488,284.0,395.0,48.0,29.0
dataset1/surfer_1_489,298.0,396.0,36.0,23.0
dataset1/surfer_1_490,302.0,396.0,32.0,21.0
dataset1/surfer_1_491,298.0,399.0,34.0,22.0
dataset1/surfer_1_492,297.0,399.0,33.0,21.0
dataset1/surfer_1_493,297.0,397.0,30.0,19.0
dataset1/surfer_1_494,289.0,397.0,33.0,21.0
dataset1/surfer_1_495,286.0,395.0,32.0,22.0
dataset1/surfer_1_496,282.0,395.0,32.0,23.0
dataset1/surfer_1_497,280.0,397.0,30.0,23.0
dataset1/surfer_1_498,278.0,399.0,26.0,21.0
dataset1/surfer_1_499,274.0,401.0,26.0,20.0
dataset1/surfer_1_500,269.0,401.0,26.0,20.0
dataset1/surfer_1_501,265.0,400.0,24.0,20.0
dataset1/surfer_1_502,259.0,399.0,26.0,21.0
dataset1/surfer_1_503,252.0,400.0,28.0,22.0
dataset1/surfer_1_504,246.0,401.0,30.0,23.0
dataset1/surfer_1_505,244.0,402.0,27.0,22.0
dataset1/surfer_1_506,243.0,405.0,24.0,20.0
dataset1/surfer_1_507,240.0,407.0,22.0,18.0
dataset1/surfer_1_508,238.0,407.0,22.0,18.0
dataset1/surfer_1_509,231.0,407.0,24.0,20.0
dataset1/surfer_1_510,226.0,407.0,27.0,23.0
dataset1/surfer_1_511,216.0,406.0,35.0,28.0
dataset1/surfer_1_512,215.0,405.0,36.0,29.0
dataset1/surfer_1_513,213.0,408.0,37.0,31.0
dataset1/surfer_1_514,206.0,414.0,37.0,32.0
dataset1/surfer_1_515,199.0,426.0,33.0,28.0
dataset1/surfer_1_516,179.0,444.0,35.0,30.0
dataset1/surfer_1_517,182.0,458.0,29.0,26.0
dataset1/surfer_1_518,188.0,459.0,25.0,22.0
dataset1/surfer_1_519,191.0,464.0,24.0,22.0
dataset1/surfer_1_520,194.0,464.0,25.0,23.0
dataset1/surfer_1_521,196.0,464.0,28.0,25.0
dataset1/surfer_1_522,206.0,467.0,23.0,22.0
dataset1/surfer_1_523,212.0,470.0,25.0,25.0
dataset1/surfer_1_524,0.0,0.0,0.0,0.0
dataset1/surfer_1_525,0.0,0.0,0.0,0.0
dataset1/surfer_1_526,0.0,0.0,0.0,0.0
dataset1/surfer_1_527,0.0,0.0,0.0,0.0
dataset1/surfer_1_528,0.0,0.0,0.0,0.0
dataset1/surfer_1_529,0.0,0.0,0.0,0.0
dataset1/surfer_1_530,0.0,0.0,0.0,0.0
dataset1/surfer_1_531,0.0,0.0,0.0,0.0
dataset1/surfer_1_532,0.0,0.0,0.0,0.0
dataset1/surfer_1_533,0.0,0.0,0.0,0.0
dataset1/surfer_1_534,0.0,0.0,0.0,0.0
dataset1/surfer_1_535,0.0,0.0,0.0,0.0
dataset1/surfer_1_536,0.0,0.0,0.0,0.0
dataset1/surfer_1_537,0.0,0.0,0.0,0.0
dataset1/surfer_1_538,0.0,0.0,0.0,0.0
dataset1/surfer_1_539,0.0,0.0,0.0,0.0
dataset1/surfer_1_540,0.0,0.0,0.0,0.0
dataset1/surfer_1_541,0.0,0.0,0.0,0.0
dataset1/surfer_1_542,0.0,0.0,0.0,0.0
dataset1/surfer_1_543,0.0,0.0,0.0,0.0
dataset1/surfer_1_544,239.0,412.0,50.0,35.0
dataset1/surfer_1_545,229.0,409.0,48.0,33.0
dataset1/surfer_1_546,230.0,413.0,47.0,31.0
dataset1/surfer_1_547,229.0,417.0,48.0,30.0
dataset1/surfer_1_548,234.0,421.0,46.0,30.0
dataset1/surfer_1_549,237.0,425.0,42.0,27.0
dataset1/surfer_1_550,242.0,432.0,38.0,24.0
dataset1/surfer_1_551,245.0,433.0,35.0,25.0
dataset1/surfer_1_552,249.0,433.0,33.0,26.0
dataset1/surfer_1_553,255.0,438.0,27.0,22.0
dataset1/surfer_1_554,257.0,444.0,25.0,20.0
dataset1/surfer_1_555,257.0,437.0,26.0,23.0
dataset1/surfer_1_556,261.0,432.0,23.0,22.0
dataset1/surfer_1_557,263.0,428.0,19.0,21.0
dataset1/surfer_1_558,260.0,425.0,21.0,22.0
dataset1/surfer_1_559,255.0,422.0,25.0,26.0
dataset1/surfer_1_560,250.0,422.0,29.0,30.0
dataset1/surfer_1_561,244.0,424.0,35.0,37.0
dataset1/surfer_1_562,241.0,419.0,38.0,40.0
dataset1/surfer_1_563,248.0,409.0,41.0,42.0
dataset1/surfer_1_564,239.0,414.0,41.0,49.0
dataset1/surfer_1_565,243.0,404.0,40.0,58.0
dataset1/surfer_1_566,243.0,410.0,41.0,60.0
dataset1/surfer_1_567,234.0,413.0,43.0,60.0
dataset1/surfer_1_568,249.0,413.0,40.0,51.0
dataset1/surfer_1_569,280.0,401.0,45.0,50.0
dataset1/surfer_1_570,276.0,404.0,49.0,47.0
dataset1/surfer_1_571,270.0,405.0,56.0,46.0
dataset1/surfer_1_572,266.0,409.0,58.0,43.0
dataset1/surfer_1_573,264.0,409.0,59.0,40.0
dataset1/surfer_1_574,260.0,412.0,56.0,37.0
dataset1/surfer_1_575,253.0,413.0,54.0,34.0
dataset1/surfer_1_576,250.0,412.0,54.0,35.0
dataset1/surfer_1_577,259.0,408.0,55.0,39.0
dataset1/surfer_1_578,262.0,412.0,50.0,34.0
dataset1/surfer_1_579,268.0,417.0,47.0,32.0
dataset1/surfer_1_580,280.0,427.0,38.0,28.0
dataset1/surfer_1_581,0.0,0.0,0.0,0.0
dataset1/surfer_1_582,0.0,0.0,0.0,0.0
dataset1/surfer_1_583,0.0,0.0,0.0,0.0
dataset1/surfer_1_584,0.0,0.0,0.0,0.0
dataset1/surfer_1_585,0.0,0.0,0.0,0.0
dataset1/surfer_1_586,0.0,0.0,0.0,0.0
dataset1/surfer_1_587,0.0,0.0,0.0,0.0
dataset1/surfer_1_588,0.0,0.0,0.0,0.0
dataset1/surfer_1_589,0.0,0.0,0.0,0.0
dataset1/surfer_1_590,0.0,0.0,0.0,0.0
dataset1/surfer_1_591,0.0,0.0,0.0,0.0
dataset1/surfer_1_592,0.0,0.0,0.0,0.0
dataset1/surfer_1_593,0.0,0.0,0.0,0.0
dataset1/surfer_1_594,0.0,0.0,0.0,0.0
dataset1/surfer_1_595,0.0,0.0,0.0,0.0
dataset1/surfer_1_596,0.0,0.0,0.0,0.0
dataset1/surfer_1_597,0.0,0.0,0.0,0.0
dataset1/surfer_1_598,0.0,0.0,0.0,0.0
dataset1/surfer_1_599,0.0,0.0,0.0,0.0
dataset1/surfer_1_600,0.0,0.0,0.0,0.0
dataset1/surfer_1_601,0.0,0.0,0.0,0.0
dataset1/surfer_1_602,0.0,0.0,0.0,0.0
dataset1/surfer_1_603,0.0,0.0,0.0,0.0
dataset1/surfer_1_604,0.0,0.0,0.0,0.0
dataset1/surfer_1_605,0.0,0.0,0.0,0.0
dataset1/surfer_1_606,0.0,0.0,0.0,0.0
dataset1/surfer_1_607,0.0,0.0,0.0,0.0
dataset1/surfer_1_608,0.0,0.0,0.0,0.0
dataset1/surfer_1_609,0.0,0.0,0.0,0.0
dataset1/surfer_1_610,0.0,0.0,0.0,0.0
dataset1/surfer_1_611,0.0,0.0,0.0,0.0
dataset1/surfer_1_612,0.0,0.0,0.0,0.0
dataset1/surfer_1_613,0.0,0.0,0.0,0.0
dataset1/surfer_1_614,0.0,0.0,0.0,0.0
dataset1/surfer_1_615,0.0,0.0,0.0,0.0
dataset1/surfer_1_616,0.0,0.0,0.0,0.0
dataset1/surfer_1_617,0.0,0.0,0.0,0.0
dataset1/surfer_1_618,0.0,0.0,0.0,0.0
dataset1/surfer_1_619,0.0,0.0,0.0,0.0
dataset1/surfer_1_620,0.0,0.0,0.0,0.0
dataset1/surfer_1_621,0.0,0.0,0.0,0.0
dataset1/surfer_1_622,0.0,0.0,0.0,0.0
dataset1/surfer_1_623,0.0,0.0,0.0,0.0
dataset1/surfer_1_624,0.0,0.0,0.0,0.0
dataset1/surfer_1_625,0.0,0.0,0.0,0.0
dataset1/surfer_1_626,0.0,0.0,0.0,0.0
dataset1/surfer_1_627,0.0,0.0,0.0,0.0
dataset1/surfer_1_628,0.0,0.0,0.0,0.0
dataset1/surfer_1_629,0.0,0.0,0.0,0.0
dataset1/surfer_1_630,0.0,0.0,0.0,0.0
dataset1/surfer_1_631,0.0,0.0,0.0,0.0
dataset1/surfer_1_632,0.0,0.0,0.0,0.0
dataset1/surfer_1_633,0.0,0.0,0.0,0.0
dataset1/surfer_1_634,0.0,0.0,0.0,0.0
dataset1/surfer_1_635,0.0,0.0,0.0,0.0
dataset1/surfer_1_636,0.0,0.0,0.0,0.0
dataset1/surfer_1_637,0.0,0.0,0.0,0.0
dataset1/surfer_1_638,0.0,0.0,0.0,0.0
dataset1/surfer_1_639,0.0,0.0,0.0,0.0
dataset1/surfer_1_640,0.0,0.0,0.0,0.0
dataset1/surfer_1_641,0.0,0.0,0.0,0.0
dataset1/surfer_1_642,0.0,0.0,0.0,0.0
dataset1/surfer_1_643,0.0,0.0,0.0,0.0
dataset1/surfer_1_644,0.0,0.0,0.0,0.0
dataset1/surfer_1_645,0.0,0.0,0.0,0.0
dataset1/surfer_1_646,0.0,0.0,0.0,0.0
dataset1/surfer_1_647,0.0,0.0,0.0,0.0
dataset1/surfer_1_648,0.0,0.0,0.0,0.0
dataset1/surfer_1_649,0.0,0.0,0.0,0.0
dataset1/surfer_1_650,0.0,0.0,0.0,0.0
dataset1/surfer_1_651,0.0,0.0,0.0,0.0
dataset1/surfer_1_652,0.0,0.0,0.0,0.0
dataset1/surfer_1_653,0.0,0.0,0.0,0.0
dataset1/surfer_1_654,0.0,0.0,0.0,0.0
dataset1/surfer_1_655,0.0,0.0,0.0,0.0
dataset1/surfer_1_656,0.0,0.0,0.0,0.0
dataset1/surfer_1_657,0.0,0.0,0.0,0.0
dataset1/surfer_1_658,0.0,0.0,0.0,0.0
dataset1/surfer_1_659,0.0,0.0,0.0,0.0
dataset1/surfer_1_660,0.0,0.0,0.0,0.0
dataset1/surfer_1_661,0.0,0.0,0.0,0.0
dataset1/surfer_1_662,0.0,0.0,0.0,0.0
dataset1/surfer_1_663,0.0,0.0,0.0,0.0
dataset1/surfer_1_664,0.0,0.0,0.0,0.0
dataset1/surfer_1_665,0.0,0.0,0.0,0.0
dataset1/surfer_1_666,0.0,0.0,0.0,0.0
dataset1/surfer_1_667,0.0,0.0,0.0,0.0
dataset1/surfer_1_668,0.0,0.0,0.0,0.0
dataset1/surfer_1_669,0.0,0.0,0.0,0.0
dataset1/surfer_1_670,0.0,0.0,0.0,0.0
dataset1/surfer_1_671,0.0,0.0,0.0,0.0
dataset1/surfer_1_672,0.0,0.0,0.0,0.0
dataset1/surfer_1_673,0.0,0.0,0.0,0.0
dataset1/surfer_1_674,0.0,0.0,0.0,0.0
dataset1/surfer_1_675,0.0,0.0,0.0,0.0
dataset1/surfer_1_676,0.0,0.0,0.0,0.0
dataset1/surfer_1_677,0.0,0.0,0.0,0.0
dataset1/surfer_1_678,0.0,0.0,0.0,0.0
dataset1/surfer_1_679,0.0,0.0,0.0,0.0
dataset1/surfer_1_680,0.0,0.0,0.0,0.0
dataset1/surfer_1_681,0.0,0.0,0.0,0.0
dataset1/surfer_1_682,0.0,0.0,0.0,0.0
dataset1/surfer_1_683,0.0,0.0,0.0,0.0
dataset1/surfer_1_684,0.0,0.0,0.0,0.0
dataset1/surfer_1_685,0.0,0.0,0.0,0.0
dataset1/surfer_1_686,0.0,0.0,0.0,0.0
dataset1/surfer_1_687,0.0,0.0,0.0,0.0
dataset1/surfer_1_688,0.0,0.0,0.0,0.0
dataset1/surfer_1_689,0.0,0.0,0.0,0.0
dataset1/surfer_1_690,0.0,0.0,0.0,0.0
dataset1/surfer_1_691,0.0,0.0,0.0,0.0
dataset1/surfer_1_692,0.0,0.0,0.0,0.0
dataset1/surfer_1_693,0.0,0.0,0.0,0.0
dataset1/surfer_1_694,0.0,0.0,0.0,0.0
dataset1/surfer_1_695,0.0,0.0,0.0,0.0
dataset1/surfer_1_696,0.0,0.0,0.0,0.0
dataset1/surfer_1_697,0.0,0.0,0.0,0.0
dataset1/surfer_1_698,0.0,0.0,0.0,0.0
dataset1/surfer_1_699,0.0,0.0,0.0,0.0
dataset1/surfer_1_700,0.0,0.0,0.0,0.0
dataset1/surfer_1_701,0.0,0.0,0.0,0.0
dataset1/surfer_1_702,0.0,0.0,0.0,0.0
dataset1/surfer_1_703,0.0,0.0,0.0,0.0
dataset1/surfer_1_704,0.0,0.0,0.0,0.0
dataset1/surfer_1_705,0.0,0.0,0.0,0.0
dataset1/surfer_1_706,0.0,0.0,0.0,0.0
dataset1/surfer_1_707,0.0,0.0,0.0,0.0
dataset1/surfer_1_708,0.0,0.0,0.0,0.0
dataset1/surfer_1_709,0.0,0.0,0.0,0.0
dataset1/surfer_1_710,0.0,0.0,0.0,0.0
dataset1/surfer_1_711,0.0,0.0,0.0,0.0
dataset1/surfer_1_712,0.0,0.0,0.0,0.0
dataset1/surfer_1_713,0.0,0.0,0.0,0.0
dataset1/surfer_1_714,0.0,0.0,0.0,0.0
dataset1/surfer_1_715,0.0,0.0,0.0,0.0
dataset1/surfer_1_716,0.0,0.0,0.0,0.0
dataset1/surfer_1_717,0.0,0.0,0.0,0.0
dataset1/surfer_1_718,0.0,0.0,0.0,0.0
dataset1/surfer_1_719,0.0,0.0,0.0,0.0
dataset1/surfer_1_720,0.0,0.0,0.0,0.0
dataset1/surfer_1_721,0.0,0.0,0.0,0.0
dataset1/surfer_1_722,0.0,0.0,0.0,0.0
dataset1/surfer_1_723,0.0,0.0,0.0,0.0
dataset1/surfer_1_724,0.0,0.0,0.0,0.0
dataset1/surfer_1_725,0.0,0.0,0.0,0.0
dataset1/surfer_1_726,0.0,0.0,0.0,0.0
dataset1/surfer_1_727,0.0,0.0,0.0,0.0
dataset1/surfer_1_728,0.0,0.0,0.0,0.0
dataset1/surfer_1_729,0.0,0.0,0.0,0.0
dataset1/surfer_1_730,0.0,0.0,0.0,0.0
dataset1/surfer_1_731,0.0,0.0,0.0,0.0
dataset1/surfer_1_732,0.0,0.0,0.0,0.0
dataset1/surfer_1_733,0.0,0.0,0.0,0.0
dataset1/surfer_1_734,0.0,0.0,0.0,0.0
dataset1/surfer_1_735,0.0,0.0,0.0,0.0
dataset1/surfer_1_736,0.0,0.0,0.0,0.0
dataset1/surfer_1_737,0.0,0.0,0.0,0.0
dataset1/surfer_1_738,0.0,0.0,0.0,0.0
dataset1/surfer_1_739,0.0,0.0,0.0,0.0
dataset1/surfer_1_740,0.0,0.0,0.0,0.0
dataset1/surfer_1_741,0.0,0.0,0.0,0.0
dataset1/surfer_1_742,0.0,0.0,0.0,0.0
